"Epitope ID - IEDB IRI"	"Epitope - Object Type"	"Epitope - Name"	"Epitope - Modified Residue(s)"	"Epitope - Modifications"	"Epitope - Starting Position"	"Epitope - Ending Position"	"Epitope - IRI"	"Epitope - Synonyms"	"Epitope - Source Molecule"	"Epitope - Source Molecule IRI"	"Epitope - Molecule Parent"	"Epitope - Molecule Parent IRI"	"Epitope - Source Organism"	"Epitope - Source Organism IRI"	"Epitope - Species"	"Epitope - Species IRI"	"Related Object - Epitope Relation"	"Related Object - Object Type"	"Related Object - Name"	"Related Object - Starting Position"	"Related Object - Ending Position"	"Related Object - IRI"	"Related Object - Synonyms"	"Related Object - Source Molecule"	"Related Object - Source Molecule IRI"	"Related Object - Molecule Parent"	"Related Object - Molecule Parent IRI"	"Related Object - Source Organism"	"Related Object - Source Organism IRI"	"Related Object - Species"	"Related Object - Species IRI"
http://www.iedb.org/epitope/3089	"Linear peptide"	AMFQDPQER			7	15			"Protein E6"	http://www.ncbi.nlm.nih.gov/protein/P03126.1	"Protein E6"	http://www.uniprot.org/uniprot/P03126	"Human papillomavirus 16"	http://purl.obolibrary.org/obo/NCBITaxon_333760	"Alphapapillomavirus 9"	http://purl.obolibrary.org/obo/NCBITaxon_337041															
http://www.iedb.org/epitope/3184	"Linear peptide"	AMSAARSSR							"Protein E6"	https://ontology.iedb.org/ontology/ONTIE_0002425	"Protein E6"	http://www.uniprot.org/uniprot/P03126	"Human papillomavirus 16"	http://purl.obolibrary.org/obo/NCBITaxon_333760	"Alphapapillomavirus 9"	http://purl.obolibrary.org/obo/NCBITaxon_337041															
http://www.iedb.org/epitope/7439	"Linear peptide"	CYSLYGTTL			87	95			"E6 protein"	http://www.ncbi.nlm.nih.gov/protein/ACS92692.1	"Protein E6"	http://www.uniprot.org/uniprot/P03126	"Human papillomavirus 16"	http://purl.obolibrary.org/obo/NCBITaxon_333760	"Alphapapillomavirus 9"	http://purl.obolibrary.org/obo/NCBITaxon_337041															
http://www.iedb.org/epitope/12414	"Linear peptide"	EIDGPAGQA			37	45			"Protein E7"	http://www.ncbi.nlm.nih.gov/protein/P03129.1	"Protein E7"	http://www.uniprot.org/uniprot/P03129	"Human papillomavirus 16"	http://purl.obolibrary.org/obo/NCBITaxon_333760	"Alphapapillomavirus 9"	http://purl.obolibrary.org/obo/NCBITaxon_337041															
http://www.iedb.org/epitope/15173	"Linear peptide"	FAFRDLCIV			52	60			"Protein E6"	http://www.ncbi.nlm.nih.gov/protein/P03126.1	"Protein E6"	http://www.uniprot.org/uniprot/P03126	"Human papillomavirus 16"	http://purl.obolibrary.org/obo/NCBITaxon_333760	"Alphapapillomavirus 9"	http://purl.obolibrary.org/obo/NCBITaxon_337041															
http://www.iedb.org/epitope/20471	"Linear peptide"	GIVCPICSQK			88	97			"Protein E7"	http://www.ncbi.nlm.nih.gov/protein/P03129.1	"Protein E7"	http://www.uniprot.org/uniprot/P03129	"Human papillomavirus 16"	http://purl.obolibrary.org/obo/NCBITaxon_333760	"Alphapapillomavirus 9"	http://purl.obolibrary.org/obo/NCBITaxon_337041															
http://www.iedb.org/epitope/22254	"Linear peptide"	GRWTGRCM			137	144			"Protein E6"	http://www.ncbi.nlm.nih.gov/protein/P03126.1	"Protein E6"	http://www.uniprot.org/uniprot/P03126	"Human papillomavirus 16"	http://purl.obolibrary.org/obo/NCBITaxon_333760	"Alphapapillomavirus 9"	http://purl.obolibrary.org/obo/NCBITaxon_337041															
http://www.iedb.org/epitope/22738	"Linear peptide"	GTLGIVCPI			85	93			"Protein E7"	http://www.ncbi.nlm.nih.gov/protein/P03129.1	"Protein E7"	http://www.uniprot.org/uniprot/P03129	"Human papillomavirus 16"	http://purl.obolibrary.org/obo/NCBITaxon_333760	"Alphapapillomavirus 9"	http://purl.obolibrary.org/obo/NCBITaxon_337041															
http://www.iedb.org/epitope/24182	"Linear peptide"	HLDKKQRFH			125	133			"Protein E6"	http://www.ncbi.nlm.nih.gov/protein/P03126.1	"Protein E6"	http://www.uniprot.org/uniprot/P03126	"Human papillomavirus 16"	http://purl.obolibrary.org/obo/NCBITaxon_333760	"Alphapapillomavirus 9"	http://purl.obolibrary.org/obo/NCBITaxon_337041															
http://www.iedb.org/epitope/25028	"Linear peptide"	HVDIRTLED			73	81			"Protein E7"	http://www.ncbi.nlm.nih.gov/protein/P03129.1	"Protein E7"	http://www.uniprot.org/uniprot/P03129	"Human papillomavirus 16"	http://purl.obolibrary.org/obo/NCBITaxon_333760	"Alphapapillomavirus 9"	http://purl.obolibrary.org/obo/NCBITaxon_337041															
http://www.iedb.org/epitope/26568	"Linear peptide"	IILECVYCK			33	41			"Protein E6"	http://www.ncbi.nlm.nih.gov/protein/P03126.1	"Protein E6"	http://www.uniprot.org/uniprot/P03126	"Human papillomavirus 16"	http://purl.obolibrary.org/obo/NCBITaxon_333760	"Alphapapillomavirus 9"	http://purl.obolibrary.org/obo/NCBITaxon_337041															
http://www.iedb.org/epitope/28484	"Linear peptide"	ISEYRHYCY			80	88			"Protein E6"	http://www.ncbi.nlm.nih.gov/protein/P03126.1	"Protein E6"	http://www.uniprot.org/uniprot/P03126	"Human papillomavirus 16"	http://purl.obolibrary.org/obo/NCBITaxon_333760	"Alphapapillomavirus 9"	http://purl.obolibrary.org/obo/NCBITaxon_337041															
http://www.iedb.org/epitope/29222	"Linear peptide"	IVCPICSQK			89	97			"Protein E7"	http://www.ncbi.nlm.nih.gov/protein/P03129.1	"Protein E7"	http://www.uniprot.org/uniprot/P03129	"Human papillomavirus 16"	http://purl.obolibrary.org/obo/NCBITaxon_333760	"Alphapapillomavirus 9"	http://purl.obolibrary.org/obo/NCBITaxon_337041															
http://www.iedb.org/epitope/29519	"Linear peptide"	IVYRDGNPY			59	67			"Protein E6"	http://www.ncbi.nlm.nih.gov/protein/P03126.1	"Protein E6"	http://www.uniprot.org/uniprot/P03126	"Human papillomavirus 16"	http://purl.obolibrary.org/obo/NCBITaxon_333760	"Alphapapillomavirus 9"	http://purl.obolibrary.org/obo/NCBITaxon_337041															
http://www.iedb.org/epitope/30892	"Linear peptide"	KFYSKISEY			75	83			"Protein E6"	http://www.ncbi.nlm.nih.gov/protein/P03126.1	"Protein E6"	http://www.uniprot.org/uniprot/P03126	"Human papillomavirus 16"	http://purl.obolibrary.org/obo/NCBITaxon_333760	"Alphapapillomavirus 9"	http://purl.obolibrary.org/obo/NCBITaxon_337041															
http://www.iedb.org/epitope/32085	"Linear peptide"	KLPQLCTEL			18	26			"Protein E6"	http://www.ncbi.nlm.nih.gov/protein/P03126.1	"Protein E6"	http://www.uniprot.org/uniprot/P03126	"Human papillomavirus 16"	http://purl.obolibrary.org/obo/NCBITaxon_333760	"Alphapapillomavirus 9"	http://purl.obolibrary.org/obo/NCBITaxon_337041															
http://www.iedb.org/epitope/36171	"Linear peptide"	LGIVCPI			87	93			"E7 protein"	http://www.ncbi.nlm.nih.gov/protein/ABL96585.1	"Protein E7"	http://www.uniprot.org/uniprot/P03129	"Human papillomavirus 16"	http://purl.obolibrary.org/obo/NCBITaxon_333760	"Alphapapillomavirus 9"	http://purl.obolibrary.org/obo/NCBITaxon_337041															
http://www.iedb.org/epitope/37421	"Linear peptide"	LLIRCINCQK			106	115			"Protein E6"	http://www.ncbi.nlm.nih.gov/protein/P03126.1	"Protein E6"	http://www.uniprot.org/uniprot/P03126	"Human papillomavirus 16"	http://purl.obolibrary.org/obo/NCBITaxon_333760	"Alphapapillomavirus 9"	http://purl.obolibrary.org/obo/NCBITaxon_337041															
http://www.iedb.org/epitope/37573	"Linear peptide"	LLMGTLGIV			82	90			E7	http://www.ncbi.nlm.nih.gov/protein/AAD33253.1	"Protein E7"	http://www.uniprot.org/uniprot/P03129	"Human papillomavirus 16"	http://purl.obolibrary.org/obo/NCBITaxon_333760	"Alphapapillomavirus 9"	http://purl.obolibrary.org/obo/NCBITaxon_337041															
http://www.iedb.org/epitope/37754	"Linear peptide"	LLRREVYDF			44	52			"Protein E6"	http://www.ncbi.nlm.nih.gov/protein/P03126.1	"Protein E6"	http://www.uniprot.org/uniprot/P03126	"Human papillomavirus 16"	http://purl.obolibrary.org/obo/NCBITaxon_333760	"Alphapapillomavirus 9"	http://purl.obolibrary.org/obo/NCBITaxon_337041															
http://www.iedb.org/epitope/39002	"Linear peptide"	LQTTIHDII			26	34			"Protein E6"	http://www.ncbi.nlm.nih.gov/protein/P03126.1	"Protein E6"	http://www.uniprot.org/uniprot/P03126	"Human papillomavirus 16"	http://purl.obolibrary.org/obo/NCBITaxon_333760	"Alphapapillomavirus 9"	http://purl.obolibrary.org/obo/NCBITaxon_337041															
http://www.iedb.org/epitope/41674	"Linear peptide"	MHQKRTAMF			1	9			"Protein E6"	http://www.ncbi.nlm.nih.gov/protein/P03126.1	"Protein E6"	http://www.uniprot.org/uniprot/P03126	"Human papillomavirus 16"	http://purl.obolibrary.org/obo/NCBITaxon_333760	"Alphapapillomavirus 9"	http://purl.obolibrary.org/obo/NCBITaxon_337041															
http://www.iedb.org/epitope/41919	"Linear peptide"	MLDLQPETT			12	20			"Protein E7"	http://www.ncbi.nlm.nih.gov/protein/P03129.1	"Protein E7"	http://www.uniprot.org/uniprot/P03129	"Human papillomavirus 16"	http://purl.obolibrary.org/obo/NCBITaxon_333760	"Alphapapillomavirus 9"	http://purl.obolibrary.org/obo/NCBITaxon_337041															
http://www.iedb.org/epitope/50064	"Linear peptide"	PYAVCDKCL			66	74			E6	http://www.ncbi.nlm.nih.gov/protein/AAD33252.1	"Protein E6"	http://www.uniprot.org/uniprot/P03126	"Human papillomavirus 16"	http://purl.obolibrary.org/obo/NCBITaxon_333760	"Alphapapillomavirus 9"	http://purl.obolibrary.org/obo/NCBITaxon_337041															
http://www.iedb.org/epitope/50240	"Linear peptide"	QAEPDRAHY			44	52			"E7 protein"	http://www.ncbi.nlm.nih.gov/protein/ABL96585.1	"Protein E7"	http://www.uniprot.org/uniprot/P03129	"Human papillomavirus 16"	http://purl.obolibrary.org/obo/NCBITaxon_333760	"Alphapapillomavirus 9"	http://purl.obolibrary.org/obo/NCBITaxon_337041															
http://www.iedb.org/epitope/52063	"Linear peptide"	QQLLRREVY			42	50			"Protein E6"	http://www.ncbi.nlm.nih.gov/protein/P03126.1	"Protein E6"	http://www.uniprot.org/uniprot/P03126	"Human papillomavirus 16"	http://purl.obolibrary.org/obo/NCBITaxon_333760	"Alphapapillomavirus 9"	http://purl.obolibrary.org/obo/NCBITaxon_337041															
http://www.iedb.org/epitope/53112	"Linear peptide"	RAHYNIVTF			49	57			"Protein E7"	http://www.ncbi.nlm.nih.gov/protein/P03129.1	"Protein E7"	http://www.uniprot.org/uniprot/P03129	"Human papillomavirus 16"	http://purl.obolibrary.org/obo/NCBITaxon_333760	"Alphapapillomavirus 9"	http://purl.obolibrary.org/obo/NCBITaxon_337041															
http://www.iedb.org/epitope/53711	"Linear peptide"	RFHNIRGRW			131	139			"Protein E6"	http://www.ncbi.nlm.nih.gov/protein/P03126.1	"Protein E6"	http://www.uniprot.org/uniprot/P03126	"Human papillomavirus 16"	http://purl.obolibrary.org/obo/NCBITaxon_333760	"Alphapapillomavirus 9"	http://purl.obolibrary.org/obo/NCBITaxon_337041															
http://www.iedb.org/epitope/54496	"Linear peptide"	RLCVQSTHV			66	74			"Protein E7"	http://www.ncbi.nlm.nih.gov/protein/P03129.1	"Protein E7"	http://www.uniprot.org/uniprot/P03129	"Human papillomavirus 16"	http://purl.obolibrary.org/obo/NCBITaxon_333760	"Alphapapillomavirus 9"	http://purl.obolibrary.org/obo/NCBITaxon_337041															
http://www.iedb.org/epitope/57710	"Linear peptide"	SEYRHYCYSL			81	90			"Protein E6"	http://www.ncbi.nlm.nih.gov/protein/P03126.1	"Protein E6"	http://www.uniprot.org/uniprot/P03126	"Human papillomavirus 16"	http://purl.obolibrary.org/obo/NCBITaxon_333760	"Alphapapillomavirus 9"	http://purl.obolibrary.org/obo/NCBITaxon_337041															
http://www.iedb.org/epitope/59598	"Linear peptide"	SLYGTTLEQ			89	97			"Protein E6"	http://www.ncbi.nlm.nih.gov/protein/P03126.1	"Protein E6"	http://www.uniprot.org/uniprot/P03126	"Human papillomavirus 16"	http://purl.obolibrary.org/obo/NCBITaxon_333760	"Alphapapillomavirus 9"	http://purl.obolibrary.org/obo/NCBITaxon_337041															
http://www.iedb.org/epitope/60222	"Linear peptide"	SPRLKAICI			107	115			"Replication protein E1"	http://www.ncbi.nlm.nih.gov/protein/P03114.2	"Replication protein E1"	http://www.uniprot.org/uniprot/P03114	"Human papillomavirus 16"	http://purl.obolibrary.org/obo/NCBITaxon_333760	"Alphapapillomavirus 9"	http://purl.obolibrary.org/obo/NCBITaxon_337041															
http://www.iedb.org/epitope/64320	"Linear peptide"	TIHDIILECV			29	38			"Protein E6"	http://www.ncbi.nlm.nih.gov/protein/P03126.1	"Protein E6"	http://www.uniprot.org/uniprot/P03126	"Human papillomavirus 16"	http://purl.obolibrary.org/obo/NCBITaxon_333760	"Alphapapillomavirus 9"	http://purl.obolibrary.org/obo/NCBITaxon_337041															
http://www.iedb.org/epitope/64817	"Linear peptide"	"TLGIVCPI + AIB(C6)"	C6	"2-aminoisobutiric acid"	86	93			"Protein E7"	http://www.ncbi.nlm.nih.gov/protein/P03129.1	"Protein E7"	http://www.uniprot.org/uniprot/P03129	"Human papillomavirus 16"	http://purl.obolibrary.org/obo/NCBITaxon_333760	"Alphapapillomavirus 9"	http://purl.obolibrary.org/obo/NCBITaxon_337041															
http://www.iedb.org/epitope/64818	"Linear peptide"	TLGIVCPI			86	93			"E7 protein"	http://www.ncbi.nlm.nih.gov/protein/ABL96585.1	"Protein E7"	http://www.uniprot.org/uniprot/P03129	"Human papillomavirus 16"	http://purl.obolibrary.org/obo/NCBITaxon_333760	"Alphapapillomavirus 9"	http://purl.obolibrary.org/obo/NCBITaxon_337041															
http://www.iedb.org/epitope/64819	"Linear peptide"	TLGIVCPIC			86	94			"Protein E7"	http://www.ncbi.nlm.nih.gov/protein/P03129.1	"Protein E7"	http://www.uniprot.org/uniprot/P03129	"Human papillomavirus 16"	http://purl.obolibrary.org/obo/NCBITaxon_333760	"Alphapapillomavirus 9"	http://purl.obolibrary.org/obo/NCBITaxon_337041															
http://www.iedb.org/epitope/64830	"Linear peptide"	TLHEYMLDL			7	15			"Protein E7"	http://www.ncbi.nlm.nih.gov/protein/P03129.1	"Protein E7"	http://www.uniprot.org/uniprot/P03129	"Human papillomavirus 16"	http://purl.obolibrary.org/obo/NCBITaxon_333760	"Alphapapillomavirus 9"	http://purl.obolibrary.org/obo/NCBITaxon_337041															
http://www.iedb.org/epitope/66569	"Linear peptide"	TTDLYCYEQ			19	27			"Protein E7"	http://www.ncbi.nlm.nih.gov/protein/P03129.1	"Protein E7"	http://www.uniprot.org/uniprot/P03129	"Human papillomavirus 16"	http://purl.obolibrary.org/obo/NCBITaxon_333760	"Alphapapillomavirus 9"	http://purl.obolibrary.org/obo/NCBITaxon_337041															
http://www.iedb.org/epitope/66689	"Linear peptide"	TTLEQQYNK			93	101			"Protein E6"	http://www.ncbi.nlm.nih.gov/protein/P03126.1	"Protein E6"	http://www.uniprot.org/uniprot/P03126	"Human papillomavirus 16"	http://purl.obolibrary.org/obo/NCBITaxon_333760	"Alphapapillomavirus 9"	http://purl.obolibrary.org/obo/NCBITaxon_337041															
http://www.iedb.org/epitope/67833	"Linear peptide"	VCDKCLKFY			69	77			"Protein E6"	http://www.ncbi.nlm.nih.gov/protein/P03126.1	"Protein E6"	http://www.uniprot.org/uniprot/P03126	"Human papillomavirus 16"	http://purl.obolibrary.org/obo/NCBITaxon_333760	"Alphapapillomavirus 9"	http://purl.obolibrary.org/obo/NCBITaxon_337041															
http://www.iedb.org/epitope/71988	"Linear peptide"	VYDFAFRDL			49	57			"Protein E6"	http://www.ncbi.nlm.nih.gov/protein/P03126.1	"Protein E6"	http://www.uniprot.org/uniprot/P03126	"Human papillomavirus 16"	http://purl.obolibrary.org/obo/NCBITaxon_333760	"Alphapapillomavirus 9"	http://purl.obolibrary.org/obo/NCBITaxon_337041															
http://www.iedb.org/epitope/75074	"Linear peptide"	YMLDLQPET			11	19			"Protein E7"	http://www.ncbi.nlm.nih.gov/protein/P03129.1	"Protein E7"	http://www.uniprot.org/uniprot/P03129	"Human papillomavirus 16"	http://purl.obolibrary.org/obo/NCBITaxon_333760	"Alphapapillomavirus 9"	http://purl.obolibrary.org/obo/NCBITaxon_337041															
http://www.iedb.org/epitope/75075	"Linear peptide"	YMLDLQPETT			11	20			"E7 protein"	http://www.ncbi.nlm.nih.gov/protein/ABL96585.1	"Protein E7"	http://www.uniprot.org/uniprot/P03129	"Human papillomavirus 16"	http://purl.obolibrary.org/obo/NCBITaxon_333760	"Alphapapillomavirus 9"	http://purl.obolibrary.org/obo/NCBITaxon_337041															
http://www.iedb.org/epitope/79659	"Linear peptide"	TLIDVCPI							"Protein E7"	https://ontology.iedb.org/ontology/ONTIE_0002426	"Protein E7"	http://www.uniprot.org/uniprot/P03129	"Human papillomavirus 16"	http://purl.obolibrary.org/obo/NCBITaxon_333760	"Alphapapillomavirus 9"	http://purl.obolibrary.org/obo/NCBITaxon_337041															
http://www.iedb.org/epitope/108770	"Linear peptide"	ALQAIELQL			69	77			"Regulatory protein E2"	http://www.ncbi.nlm.nih.gov/protein/P03120.1	"Regulatory protein E2"	http://www.uniprot.org/uniprot/P03120	"Human papillomavirus 16"	http://purl.obolibrary.org/obo/NCBITaxon_333760	"Alphapapillomavirus 9"	http://purl.obolibrary.org/obo/NCBITaxon_337041															
http://www.iedb.org/epitope/109332	"Linear peptide"	IHSMNSTIL			417	425			"L1 protein"	http://www.ncbi.nlm.nih.gov/protein/ACG75893.1	"Major capsid protein L1"	http://www.uniprot.org/uniprot/P03101	"Human papillomavirus 16"	http://purl.obolibrary.org/obo/NCBITaxon_333760	"Alphapapillomavirus 9"	http://purl.obolibrary.org/obo/NCBITaxon_337041															
http://www.iedb.org/epitope/109785	"Linear peptide"	RAHYNIVTFCCKCDS			49	63			E7	http://www.ncbi.nlm.nih.gov/protein/AAD33253.1	"Protein E7"	http://www.uniprot.org/uniprot/P03129	"Human papillomavirus 16"	http://purl.obolibrary.org/obo/NCBITaxon_333760	"Alphapapillomavirus 9"	http://purl.obolibrary.org/obo/NCBITaxon_337041															
http://www.iedb.org/epitope/109984	"Linear peptide"	TLQDVSLEV			93	101			"E2 protein"	http://www.ncbi.nlm.nih.gov/protein/ACS92695.1	"Regulatory protein E2"	http://www.uniprot.org/uniprot/P03120	"Human papillomavirus 16"	http://purl.obolibrary.org/obo/NCBITaxon_333760	"Alphapapillomavirus 9"	http://purl.obolibrary.org/obo/NCBITaxon_337041															
http://www.iedb.org/epitope/110125	"Linear peptide"	YICEEASVTV			138	147			"Regulatory protein E2"	http://www.ncbi.nlm.nih.gov/protein/P03120.1	"Regulatory protein E2"	http://www.uniprot.org/uniprot/P03120	"Human papillomavirus 16"	http://purl.obolibrary.org/obo/NCBITaxon_333760	"Alphapapillomavirus 9"	http://purl.obolibrary.org/obo/NCBITaxon_337041															
http://www.iedb.org/epitope/110184	"Linear peptide"	AGQAEPDRAHYNIVTFCCKCDSTLRLCVQSTHVDI			42	76			E7	http://www.ncbi.nlm.nih.gov/protein/AAD33253.1	"Protein E7"	http://www.uniprot.org/uniprot/P03129	"Human papillomavirus 16"	http://purl.obolibrary.org/obo/NCBITaxon_333760	"Alphapapillomavirus 9"	http://purl.obolibrary.org/obo/NCBITaxon_337041															
http://www.iedb.org/epitope/110195	"Linear peptide"	CCKCDSTL			58	65			"E7 protein"	http://www.ncbi.nlm.nih.gov/protein/ABL96585.1	"Protein E7"	http://www.uniprot.org/uniprot/P03129	"Human papillomavirus 16"	http://purl.obolibrary.org/obo/NCBITaxon_333760	"Alphapapillomavirus 9"	http://purl.obolibrary.org/obo/NCBITaxon_337041															
http://www.iedb.org/epitope/110197	"Linear peptide"	CPEEKQRHL			118	126			"Protein E6"	http://www.ncbi.nlm.nih.gov/protein/P03126.1	"Protein E6"	http://www.uniprot.org/uniprot/P03126	"Human papillomavirus 16"	http://purl.obolibrary.org/obo/NCBITaxon_333760	"Alphapapillomavirus 9"	http://purl.obolibrary.org/obo/NCBITaxon_337041															
http://www.iedb.org/epitope/110201	"Linear peptide"	DIRTLEDL			75	82			"E7 protein"	http://www.ncbi.nlm.nih.gov/protein/ABL96585.1	"Protein E7"	http://www.uniprot.org/uniprot/P03129	"Human papillomavirus 16"	http://purl.obolibrary.org/obo/NCBITaxon_333760	"Alphapapillomavirus 9"	http://purl.obolibrary.org/obo/NCBITaxon_337041															
http://www.iedb.org/epitope/110205	"Linear peptide"	DKKQRFHNIRGRWTGRCMSCCRSSRTRRETQL			127	158			"Protein E6"	http://www.ncbi.nlm.nih.gov/protein/P03126.1	"Protein E6"	http://www.uniprot.org/uniprot/P03126	"Human papillomavirus 16"	http://purl.obolibrary.org/obo/NCBITaxon_333760	"Alphapapillomavirus 9"	http://purl.obolibrary.org/obo/NCBITaxon_337041															
http://www.iedb.org/epitope/110215	"Linear peptide"	EKQRHLDKKQRFHNIRGRWTGRCMS			121	145			"Protein E6"	http://www.ncbi.nlm.nih.gov/protein/P03126.1	"Protein E6"	http://www.uniprot.org/uniprot/P03126	"Human papillomavirus 16"	http://purl.obolibrary.org/obo/NCBITaxon_333760	"Alphapapillomavirus 9"	http://purl.obolibrary.org/obo/NCBITaxon_337041															
http://www.iedb.org/epitope/110217	"Linear peptide"	EPDRAHYNIV			46	55			"E7 protein"	http://www.ncbi.nlm.nih.gov/protein/ABL96585.1	"Protein E7"	http://www.uniprot.org/uniprot/P03129	"Human papillomavirus 16"	http://purl.obolibrary.org/obo/NCBITaxon_333760	"Alphapapillomavirus 9"	http://purl.obolibrary.org/obo/NCBITaxon_337041															
http://www.iedb.org/epitope/110220	"Linear peptide"	ETTDLYCY			18	25			"E7 protein"	http://www.ncbi.nlm.nih.gov/protein/ABL96585.1	"Protein E7"	http://www.uniprot.org/uniprot/P03129	"Human papillomavirus 16"	http://purl.obolibrary.org/obo/NCBITaxon_333760	"Alphapapillomavirus 9"	http://purl.obolibrary.org/obo/NCBITaxon_337041															
http://www.iedb.org/epitope/110226	"Linear peptide"	FRDLCIVY			54	61			"Protein E6"	http://www.ncbi.nlm.nih.gov/protein/P03126.1	"Protein E6"	http://www.uniprot.org/uniprot/P03126	"Human papillomavirus 16"	http://purl.obolibrary.org/obo/NCBITaxon_333760	"Alphapapillomavirus 9"	http://purl.obolibrary.org/obo/NCBITaxon_337041															
http://www.iedb.org/epitope/110227	"Linear peptide"	FRDLCIVYRDGNPYAVCDKCLKFYSKISEYRHY			54	86			"Protein E6"	http://www.ncbi.nlm.nih.gov/protein/P03126.1	"Protein E6"	http://www.uniprot.org/uniprot/P03126	"Human papillomavirus 16"	http://purl.obolibrary.org/obo/NCBITaxon_333760	"Alphapapillomavirus 9"	http://purl.obolibrary.org/obo/NCBITaxon_337041															
http://www.iedb.org/epitope/110282	"Linear peptide"	HDIILECVYCKQQLLRREVYDFAFR			31	55			"Protein E6"	http://www.ncbi.nlm.nih.gov/protein/P03126.1	"Protein E6"	http://www.uniprot.org/uniprot/P03126	"Human papillomavirus 16"	http://purl.obolibrary.org/obo/NCBITaxon_333760	"Alphapapillomavirus 9"	http://purl.obolibrary.org/obo/NCBITaxon_337041															
http://www.iedb.org/epitope/110285	"Linear peptide"	HNIRGRWTGR			133	142			"Protein E6"	http://www.ncbi.nlm.nih.gov/protein/P03126.1	"Protein E6"	http://www.uniprot.org/uniprot/P03126	"Human papillomavirus 16"	http://purl.obolibrary.org/obo/NCBITaxon_333760	"Alphapapillomavirus 9"	http://purl.obolibrary.org/obo/NCBITaxon_337041															
http://www.iedb.org/epitope/110287	"Linear peptide"	HVDIRTLEDL			73	82			"Protein E7"	http://www.ncbi.nlm.nih.gov/protein/P03129.1	"Protein E7"	http://www.uniprot.org/uniprot/P03129	"Human papillomavirus 16"	http://purl.obolibrary.org/obo/NCBITaxon_333760	"Alphapapillomavirus 9"	http://purl.obolibrary.org/obo/NCBITaxon_337041															
http://www.iedb.org/epitope/110290	"Linear peptide"	IHDIILECVY			30	39			"Protein E6"	http://www.ncbi.nlm.nih.gov/protein/P03126.1	"Protein E6"	http://www.uniprot.org/uniprot/P03126	"Human papillomavirus 16"	http://purl.obolibrary.org/obo/NCBITaxon_333760	"Alphapapillomavirus 9"	http://purl.obolibrary.org/obo/NCBITaxon_337041															
http://www.iedb.org/epitope/110306	"Linear peptide"	KLPQLCTELQTTIHDIILECVYCKQQLLRREV			18	49			"Protein E6"	http://www.ncbi.nlm.nih.gov/protein/P03126.1	"Protein E6"	http://www.uniprot.org/uniprot/P03126	"Human papillomavirus 16"	http://purl.obolibrary.org/obo/NCBITaxon_333760	"Alphapapillomavirus 9"	http://purl.obolibrary.org/obo/NCBITaxon_337041															
http://www.iedb.org/epitope/110314	"Linear peptide"	LEDLLMGTL			79	87			"Protein E7"	http://www.ncbi.nlm.nih.gov/protein/P03129.1	"Protein E7"	http://www.uniprot.org/uniprot/P03129	"Human papillomavirus 16"	http://purl.obolibrary.org/obo/NCBITaxon_333760	"Alphapapillomavirus 9"	http://purl.obolibrary.org/obo/NCBITaxon_337041															
http://www.iedb.org/epitope/110335	"Linear peptide"	MHGDTPTLHEYMLDLQPETTDLYCYEQLNDSS			1	32			E7	http://www.ncbi.nlm.nih.gov/protein/AAD33253.1	"Protein E7"	http://www.uniprot.org/uniprot/P03129	"Human papillomavirus 16"	http://purl.obolibrary.org/obo/NCBITaxon_333760	"Alphapapillomavirus 9"	http://purl.obolibrary.org/obo/NCBITaxon_337041															
http://www.iedb.org/epitope/110338	"Linear peptide"	MHQKRTAMFQDPQERPRKLPQLCTELQTTIHDI			1	33			"Protein E6"	http://www.ncbi.nlm.nih.gov/protein/P03126.1	"Protein E6"	http://www.uniprot.org/uniprot/P03126	"Human papillomavirus 16"	http://purl.obolibrary.org/obo/NCBITaxon_333760	"Alphapapillomavirus 9"	http://purl.obolibrary.org/obo/NCBITaxon_337041															
http://www.iedb.org/epitope/110373	"Linear peptide"	PRKLPQLCTELQTTIHDIILECVYC			16	40			"Protein E6"	http://www.ncbi.nlm.nih.gov/protein/P03126.1	"Protein E6"	http://www.uniprot.org/uniprot/P03126	"Human papillomavirus 16"	http://purl.obolibrary.org/obo/NCBITaxon_333760	"Alphapapillomavirus 9"	http://purl.obolibrary.org/obo/NCBITaxon_337041															
http://www.iedb.org/epitope/110386	"Linear peptide"	QPETTDLYCY			16	25			"E7 protein"	http://www.ncbi.nlm.nih.gov/protein/ABL96585.1	"Protein E7"	http://www.uniprot.org/uniprot/P03129	"Human papillomavirus 16"	http://purl.obolibrary.org/obo/NCBITaxon_333760	"Alphapapillomavirus 9"	http://purl.obolibrary.org/obo/NCBITaxon_337041															
http://www.iedb.org/epitope/110394	"Linear peptide"	RCINCQKPLCPEEKQRHLDKKQRFHNIRGRWT			109	140			"E6 protein"	http://www.ncbi.nlm.nih.gov/protein/ACS92692.1	"Protein E6"	http://www.uniprot.org/uniprot/P03126	"Human papillomavirus 16"	http://purl.obolibrary.org/obo/NCBITaxon_333760	"Alphapapillomavirus 9"	http://purl.obolibrary.org/obo/NCBITaxon_337041															
http://www.iedb.org/epitope/110399	"Linear peptide"	RGRWTGRCMSCCRSSRTRRETQL			136	158			"Protein E6"	http://www.ncbi.nlm.nih.gov/protein/P03126.1	"Protein E6"	http://www.uniprot.org/uniprot/P03126	"Human papillomavirus 16"	http://purl.obolibrary.org/obo/NCBITaxon_333760	"Alphapapillomavirus 9"	http://purl.obolibrary.org/obo/NCBITaxon_337041															
http://www.iedb.org/epitope/110401	"Linear peptide"	RREVYDFAFRDLCIVYRDGNPYAVC			46	70			"Protein E6"	http://www.ncbi.nlm.nih.gov/protein/P03126.1	"Protein E6"	http://www.uniprot.org/uniprot/P03126	"Human papillomavirus 16"	http://purl.obolibrary.org/obo/NCBITaxon_333760	"Alphapapillomavirus 9"	http://purl.obolibrary.org/obo/NCBITaxon_337041															
http://www.iedb.org/epitope/110431	"Linear peptide"	TDLYCYEQLNDSSEEEDEIDGPAGQAEPDRAHYNIV			20	55			E7	http://www.ncbi.nlm.nih.gov/protein/AAD33253.1	"Protein E7"	http://www.uniprot.org/uniprot/P03129	"Human papillomavirus 16"	http://purl.obolibrary.org/obo/NCBITaxon_333760	"Alphapapillomavirus 9"	http://purl.obolibrary.org/obo/NCBITaxon_337041															
http://www.iedb.org/epitope/110435	"Linear peptide"	TLEDLLMGTL			78	87			"Protein E7"	http://www.ncbi.nlm.nih.gov/protein/P03129.1	"Protein E7"	http://www.uniprot.org/uniprot/P03129	"Human papillomavirus 16"	http://purl.obolibrary.org/obo/NCBITaxon_333760	"Alphapapillomavirus 9"	http://purl.obolibrary.org/obo/NCBITaxon_337041															
http://www.iedb.org/epitope/110439	"Linear peptide"	TLLQQYCLYL			253	262			"Replication protein E1"	http://www.ncbi.nlm.nih.gov/protein/P03114.2	"Replication protein E1"	http://www.uniprot.org/uniprot/P03114	"Human papillomavirus 16"	http://purl.obolibrary.org/obo/NCBITaxon_333760	"Alphapapillomavirus 9"	http://purl.obolibrary.org/obo/NCBITaxon_337041															
http://www.iedb.org/epitope/110467	"Linear peptide"	YRDGNPYAVCDKCLKFYSKISEYRH			61	85			"Protein E6"	http://www.ncbi.nlm.nih.gov/protein/P03126.1	"Protein E6"	http://www.uniprot.org/uniprot/P03126	"Human papillomavirus 16"	http://purl.obolibrary.org/obo/NCBITaxon_333760	"Alphapapillomavirus 9"	http://purl.obolibrary.org/obo/NCBITaxon_337041															
http://www.iedb.org/epitope/110575	"Linear peptide"	FAFRDLCIVY			52	61			"Protein E6"	http://www.ncbi.nlm.nih.gov/protein/P03126.1	"Protein E6"	http://www.uniprot.org/uniprot/P03126	"Human papillomavirus 16"	http://purl.obolibrary.org/obo/NCBITaxon_333760	"Alphapapillomavirus 9"	http://purl.obolibrary.org/obo/NCBITaxon_337041															
http://www.iedb.org/epitope/110579	"Linear peptide"	FLLCFCVLL			15	23			"E5 protein"	http://www.ncbi.nlm.nih.gov/protein/AAD24036.1	"Probable protein E5"	http://www.uniprot.org/uniprot/P06927	"Human papillomavirus 16"	http://purl.obolibrary.org/obo/NCBITaxon_333760	"Alphapapillomavirus 9"	http://purl.obolibrary.org/obo/NCBITaxon_337041															
http://www.iedb.org/epitope/110624	"Linear peptide"	HDIILECV			31	38			"Protein E6"	http://www.ncbi.nlm.nih.gov/protein/P03126.1	"Protein E6"	http://www.uniprot.org/uniprot/P03126	"Human papillomavirus 16"	http://purl.obolibrary.org/obo/NCBITaxon_333760	"Alphapapillomavirus 9"	http://purl.obolibrary.org/obo/NCBITaxon_337041															
http://www.iedb.org/epitope/110629	"Linear peptide"	ICWGNQLFV			349	357			"L1 protein"	http://www.ncbi.nlm.nih.gov/protein/ACG75893.1	"Major capsid protein L1"	http://www.uniprot.org/uniprot/P03101	"Human papillomavirus 16"	http://purl.obolibrary.org/obo/NCBITaxon_333760	"Alphapapillomavirus 9"	http://purl.obolibrary.org/obo/NCBITaxon_337041															
http://www.iedb.org/epitope/110633	"Linear peptide"	IFVYIPLFL			65	73			"E5 protein"	http://www.ncbi.nlm.nih.gov/protein/AAD24036.1	"Probable protein E5"	http://www.uniprot.org/uniprot/P06927	"Human papillomavirus 16"	http://purl.obolibrary.org/obo/NCBITaxon_333760	"Alphapapillomavirus 9"	http://purl.obolibrary.org/obo/NCBITaxon_337041															
http://www.iedb.org/epitope/110660	"Linear peptide"	LLLSVSTYT			32	40			"E5 protein"	http://www.ncbi.nlm.nih.gov/protein/AAD24036.1	"Probable protein E5"	http://www.uniprot.org/uniprot/P06927	"Human papillomavirus 16"	http://purl.obolibrary.org/obo/NCBITaxon_333760	"Alphapapillomavirus 9"	http://purl.obolibrary.org/obo/NCBITaxon_337041															
http://www.iedb.org/epitope/110661	"Linear peptide"	LLWITAASA			48	56			"E5 protein"	http://www.ncbi.nlm.nih.gov/protein/AAD24028.1	"Probable protein E5"	http://www.uniprot.org/uniprot/P06927	"Human papillomavirus 16"	http://purl.obolibrary.org/obo/NCBITaxon_333760	"Alphapapillomavirus 9"	http://purl.obolibrary.org/obo/NCBITaxon_337041															
http://www.iedb.org/epitope/110702	"Linear peptide"	SAFRCFIVY			55	63			"E5 protein"	http://www.ncbi.nlm.nih.gov/protein/AAD24028.1	"Probable protein E5"	http://www.uniprot.org/uniprot/P06927	"Human papillomavirus 16"	http://purl.obolibrary.org/obo/NCBITaxon_333760	"Alphapapillomavirus 9"	http://purl.obolibrary.org/obo/NCBITaxon_337041															
http://www.iedb.org/epitope/110720	"Linear peptide"	TIHDIILEC			29	37			"Protein E6"	http://www.ncbi.nlm.nih.gov/protein/P03126.1	"Protein E6"	http://www.uniprot.org/uniprot/P03126	"Human papillomavirus 16"	http://purl.obolibrary.org/obo/NCBITaxon_333760	"Alphapapillomavirus 9"	http://purl.obolibrary.org/obo/NCBITaxon_337041															
http://www.iedb.org/epitope/110736	"Linear peptide"	VLLCVCLLI			21	29			"E5 protein"	http://www.ncbi.nlm.nih.gov/protein/AAD24036.1	"Probable protein E5"	http://www.uniprot.org/uniprot/P06927	"Human papillomavirus 16"	http://purl.obolibrary.org/obo/NCBITaxon_333760	"Alphapapillomavirus 9"	http://purl.obolibrary.org/obo/NCBITaxon_337041															
http://www.iedb.org/epitope/110737	"Linear peptide"	VLLLWITAA			46	54			"Probable protein E5"	http://www.ncbi.nlm.nih.gov/protein/P06927.2	"Probable protein E5"	http://www.uniprot.org/uniprot/P06927	"Human papillomavirus 16"	http://purl.obolibrary.org/obo/NCBITaxon_333760	"Alphapapillomavirus 9"	http://purl.obolibrary.org/obo/NCBITaxon_337041															
http://www.iedb.org/epitope/110744	"Linear peptide"	YIIFVYIPL			63	71			"Probable protein E5"	http://www.ncbi.nlm.nih.gov/protein/P06927.2	"Probable protein E5"	http://www.uniprot.org/uniprot/P06927	"Human papillomavirus 16"	http://purl.obolibrary.org/obo/NCBITaxon_333760	"Alphapapillomavirus 9"	http://purl.obolibrary.org/obo/NCBITaxon_337041															
http://www.iedb.org/epitope/110745	"Linear peptide"	YIPLFLIHT			68	76			"E5 protein"	http://www.ncbi.nlm.nih.gov/protein/AAD24028.1	"Probable protein E5"	http://www.uniprot.org/uniprot/P06927	"Human papillomavirus 16"	http://purl.obolibrary.org/obo/NCBITaxon_333760	"Alphapapillomavirus 9"	http://purl.obolibrary.org/obo/NCBITaxon_337041															
http://www.iedb.org/epitope/110829	"Linear peptide"	EKQRHLDKKQRFHNI			121	135			"Protein E6"	http://www.ncbi.nlm.nih.gov/protein/P03126.1	"Protein E6"	http://www.uniprot.org/uniprot/P03126	"Human papillomavirus 16"	http://purl.obolibrary.org/obo/NCBITaxon_333760	"Alphapapillomavirus 9"	http://purl.obolibrary.org/obo/NCBITaxon_337041															
http://www.iedb.org/epitope/110846	"Linear peptide"	EYRHYCYSL			82	90			"E6 protein"	http://www.ncbi.nlm.nih.gov/protein/ACS92692.1	"Protein E6"	http://www.uniprot.org/uniprot/P03126	"Human papillomavirus 16"	http://purl.obolibrary.org/obo/NCBITaxon_333760	"Alphapapillomavirus 9"	http://purl.obolibrary.org/obo/NCBITaxon_337041															
http://www.iedb.org/epitope/110870	"Linear peptide"	GRCMSCCRSSRTRRE			141	155			"Protein E6"	http://www.ncbi.nlm.nih.gov/protein/P03126.1	"Protein E6"	http://www.uniprot.org/uniprot/P03126	"Human papillomavirus 16"	http://purl.obolibrary.org/obo/NCBITaxon_333760	"Alphapapillomavirus 9"	http://purl.obolibrary.org/obo/NCBITaxon_337041															
http://www.iedb.org/epitope/110940	"Linear peptide"	MHGDTPTLHEYMLDL			1	15			"Protein E7"	http://www.ncbi.nlm.nih.gov/protein/P03129.1	"Protein E7"	http://www.uniprot.org/uniprot/P03129	"Human papillomavirus 16"	http://purl.obolibrary.org/obo/NCBITaxon_333760	"Alphapapillomavirus 9"	http://purl.obolibrary.org/obo/NCBITaxon_337041															
http://www.iedb.org/epitope/110977	"Linear peptide"	QLCTELQTTIHDIIL			21	35			"Protein E6"	http://www.ncbi.nlm.nih.gov/protein/P03126.1	"Protein E6"	http://www.uniprot.org/uniprot/P03126	"Human papillomavirus 16"	http://purl.obolibrary.org/obo/NCBITaxon_333760	"Alphapapillomavirus 9"	http://purl.obolibrary.org/obo/NCBITaxon_337041															
http://www.iedb.org/epitope/110982	"Linear peptide"	QYNKPLCDLL			91	100			"E6 protein"	http://www.ncbi.nlm.nih.gov/protein/CAB45108.1	"Protein E6"	http://www.uniprot.org/uniprot/P03126	"Human papillomavirus 16"	http://purl.obolibrary.org/obo/NCBITaxon_333760	"Alphapapillomavirus 9"	http://purl.obolibrary.org/obo/NCBITaxon_337041															
http://www.iedb.org/epitope/111055	"Linear peptide"	VYDFAFQDL			42	50			"E6 protein"	http://www.ncbi.nlm.nih.gov/protein/CAB45108.1	"Protein E6"	http://www.uniprot.org/uniprot/P03126	"Human papillomavirus 16"	http://purl.obolibrary.org/obo/NCBITaxon_333760	"Alphapapillomavirus 9"	http://purl.obolibrary.org/obo/NCBITaxon_337041															
http://www.iedb.org/epitope/111059	"Linear peptide"	YDFAFRDL			50	57			"Protein E6"	http://www.ncbi.nlm.nih.gov/protein/P03126.1	"Protein E6"	http://www.uniprot.org/uniprot/P03126	"Human papillomavirus 16"	http://purl.obolibrary.org/obo/NCBITaxon_333760	"Alphapapillomavirus 9"	http://purl.obolibrary.org/obo/NCBITaxon_337041															
http://www.iedb.org/epitope/111129	"Linear peptide"	AVCDKCLK			68	75			"Protein E6"	http://www.ncbi.nlm.nih.gov/protein/P03126.1	"Protein E6"	http://www.uniprot.org/uniprot/P03126	"Human papillomavirus 16"	http://purl.obolibrary.org/obo/NCBITaxon_333760	"Alphapapillomavirus 9"	http://purl.obolibrary.org/obo/NCBITaxon_337041															
http://www.iedb.org/epitope/111155	"Linear peptide"	CMMIEPPKL			304	312			"Replication protein E1"	http://www.ncbi.nlm.nih.gov/protein/P03114.2	"Replication protein E1"	http://www.uniprot.org/uniprot/P03114	"Human papillomavirus 16"	http://purl.obolibrary.org/obo/NCBITaxon_333760	"Alphapapillomavirus 9"	http://purl.obolibrary.org/obo/NCBITaxon_337041															
http://www.iedb.org/epitope/111180	"Linear peptide"	CVYCKQQLLRREVYDFAFRDLCIVYRDGNPYA			37	68			"E6 protein"	http://www.ncbi.nlm.nih.gov/protein/ACS92692.1	"Protein E6"	http://www.uniprot.org/uniprot/P03126	"Human papillomavirus 16"	http://purl.obolibrary.org/obo/NCBITaxon_333760	"Alphapapillomavirus 9"	http://purl.obolibrary.org/obo/NCBITaxon_337041															
http://www.iedb.org/epitope/111184	"Linear peptide"	CYSVYGTTL			80	88			"E6 protein"	http://www.ncbi.nlm.nih.gov/protein/ACN22517.1	"Protein E6"	http://www.uniprot.org/uniprot/P03126	"Human papillomavirus 16"	http://purl.obolibrary.org/obo/NCBITaxon_333760	"Alphapapillomavirus 9"	http://purl.obolibrary.org/obo/NCBITaxon_337041															
http://www.iedb.org/epitope/111199	"Linear peptide"	DIILECVYCK			32	41			"Protein E6"	http://www.ncbi.nlm.nih.gov/protein/P03126.1	"Protein E6"	http://www.uniprot.org/uniprot/P03126	"Human papillomavirus 16"	http://purl.obolibrary.org/obo/NCBITaxon_333760	"Alphapapillomavirus 9"	http://purl.obolibrary.org/obo/NCBITaxon_337041															
http://www.iedb.org/epitope/111250	"Linear peptide"	ELQTTIHDI			25	33			E6	http://www.ncbi.nlm.nih.gov/protein/AAD33252.1	"Protein E6"	http://www.uniprot.org/uniprot/P03126	"Human papillomavirus 16"	http://purl.obolibrary.org/obo/NCBITaxon_333760	"Alphapapillomavirus 9"	http://purl.obolibrary.org/obo/NCBITaxon_337041															
http://www.iedb.org/epitope/111251	"Linear peptide"	ELQTTIHDIILECVY			25	39			"Protein E6"	http://www.ncbi.nlm.nih.gov/protein/P03126.1	"Protein E6"	http://www.uniprot.org/uniprot/P03126	"Human papillomavirus 16"	http://purl.obolibrary.org/obo/NCBITaxon_333760	"Alphapapillomavirus 9"	http://purl.obolibrary.org/obo/NCBITaxon_337041															
http://www.iedb.org/epitope/111282	"Linear peptide"	FLQGSVICFV			493	502			"Replication protein E1"	http://www.ncbi.nlm.nih.gov/protein/P03114.2	"Replication protein E1"	http://www.uniprot.org/uniprot/P03114	"Human papillomavirus 16"	http://purl.obolibrary.org/obo/NCBITaxon_333760	"Alphapapillomavirus 9"	http://purl.obolibrary.org/obo/NCBITaxon_337041															
http://www.iedb.org/epitope/111289	"Linear peptide"	FQDPQERPRK			9	18			"Protein E6"	http://www.ncbi.nlm.nih.gov/protein/P03126.1	"Protein E6"	http://www.uniprot.org/uniprot/P03126	"Human papillomavirus 16"	http://purl.obolibrary.org/obo/NCBITaxon_333760	"Alphapapillomavirus 9"	http://purl.obolibrary.org/obo/NCBITaxon_337041															
http://www.iedb.org/epitope/111297	"Linear peptide"	FYSRIREL							"Protein E6"	https://ontology.iedb.org/ontology/ONTIE_0002425	"Protein E6"	http://www.uniprot.org/uniprot/P03126	"Human papillomavirus 16"	http://purl.obolibrary.org/obo/NCBITaxon_333760	"Alphapapillomavirus 9"	http://purl.obolibrary.org/obo/NCBITaxon_337041															
http://www.iedb.org/epitope/111384	"Linear peptide"	GTTLEQQYNK			92	101			"Protein E6"	http://www.ncbi.nlm.nih.gov/protein/P03126.1	"Protein E6"	http://www.uniprot.org/uniprot/P03126	"Human papillomavirus 16"	http://purl.obolibrary.org/obo/NCBITaxon_333760	"Alphapapillomavirus 9"	http://purl.obolibrary.org/obo/NCBITaxon_337041															
http://www.iedb.org/epitope/111395	"Linear peptide"	HGDTPTLHEY			2	11			"E7 protein"	http://www.ncbi.nlm.nih.gov/protein/ABL96585.1	"Protein E7"	http://www.uniprot.org/uniprot/P03129	"Human papillomavirus 16"	http://purl.obolibrary.org/obo/NCBITaxon_333760	"Alphapapillomavirus 9"	http://purl.obolibrary.org/obo/NCBITaxon_337041															
http://www.iedb.org/epitope/111404	"Linear peptide"	HVDIRTLEDLLMGTL			73	87			"Protein E7"	http://www.ncbi.nlm.nih.gov/protein/P03129.1	"Protein E7"	http://www.uniprot.org/uniprot/P03129	"Human papillomavirus 16"	http://purl.obolibrary.org/obo/NCBITaxon_333760	"Alphapapillomavirus 9"	http://purl.obolibrary.org/obo/NCBITaxon_337041															
http://www.iedb.org/epitope/111421	"Linear peptide"	IHDIILECV			30	38			"Protein E6"	http://www.ncbi.nlm.nih.gov/protein/P03126.1	"Protein E6"	http://www.uniprot.org/uniprot/P03126	"Human papillomavirus 16"	http://purl.obolibrary.org/obo/NCBITaxon_333760	"Alphapapillomavirus 9"	http://purl.obolibrary.org/obo/NCBITaxon_337041															
http://www.iedb.org/epitope/111456	"Linear peptide"	KISEYRHYC			72	80			"E6 protein"	http://www.ncbi.nlm.nih.gov/protein/CAB45108.1	"Protein E6"	http://www.uniprot.org/uniprot/P03126	"Human papillomavirus 16"	http://purl.obolibrary.org/obo/NCBITaxon_333760	"Alphapapillomavirus 9"	http://purl.obolibrary.org/obo/NCBITaxon_337041															
http://www.iedb.org/epitope/111459	"Linear peptide"	KLLSKLLCV			292	300			"Replication protein E1"	http://www.ncbi.nlm.nih.gov/protein/P03114.2	"Replication protein E1"	http://www.uniprot.org/uniprot/P03114	"Human papillomavirus 16"	http://purl.obolibrary.org/obo/NCBITaxon_333760	"Alphapapillomavirus 9"	http://purl.obolibrary.org/obo/NCBITaxon_337041															
http://www.iedb.org/epitope/111480	"Linear peptide"	LGIVCPICS			87	95			"E7 protein"	http://www.ncbi.nlm.nih.gov/protein/AAB70738.1	"Protein E7"	http://www.uniprot.org/uniprot/P03129	"Human papillomavirus 16"	http://purl.obolibrary.org/obo/NCBITaxon_333760	"Alphapapillomavirus 9"	http://purl.obolibrary.org/obo/NCBITaxon_337041															
http://www.iedb.org/epitope/111495	"Linear peptide"	LLQQYCLYL			254	262			"Replication protein E1"	http://www.ncbi.nlm.nih.gov/protein/P03114.2	"Replication protein E1"	http://www.uniprot.org/uniprot/P03114	"Human papillomavirus 16"	http://purl.obolibrary.org/obo/NCBITaxon_333760	"Alphapapillomavirus 9"	http://purl.obolibrary.org/obo/NCBITaxon_337041															
http://www.iedb.org/epitope/111630	"Linear peptide"	PLCDLLIRC			102	110			"Protein E6"	http://www.ncbi.nlm.nih.gov/protein/P03126.1	"Protein E6"	http://www.uniprot.org/uniprot/P03126	"Human papillomavirus 16"	http://purl.obolibrary.org/obo/NCBITaxon_333760	"Alphapapillomavirus 9"	http://purl.obolibrary.org/obo/NCBITaxon_337041															
http://www.iedb.org/epitope/111665	"Linear peptide"	QERPRKLPQLCTELQ			13	27			"Protein E6"	http://www.ncbi.nlm.nih.gov/protein/P03126.1	"Protein E6"	http://www.uniprot.org/uniprot/P03126	"Human papillomavirus 16"	http://purl.obolibrary.org/obo/NCBITaxon_333760	"Alphapapillomavirus 9"	http://purl.obolibrary.org/obo/NCBITaxon_337041															
http://www.iedb.org/epitope/111674	"Linear peptide"	QLCTELQTT			21	29			"Protein E6"	http://www.ncbi.nlm.nih.gov/protein/P03126.1	"Protein E6"	http://www.uniprot.org/uniprot/P03126	"Human papillomavirus 16"	http://purl.obolibrary.org/obo/NCBITaxon_333760	"Alphapapillomavirus 9"	http://purl.obolibrary.org/obo/NCBITaxon_337041															
http://www.iedb.org/epitope/111698	"Linear peptide"	QYNKPLCDL			98	106			"Protein E6"	http://www.ncbi.nlm.nih.gov/protein/P03126.1	"Protein E6"	http://www.uniprot.org/uniprot/P03126	"Human papillomavirus 16"	http://purl.obolibrary.org/obo/NCBITaxon_333760	"Alphapapillomavirus 9"	http://purl.obolibrary.org/obo/NCBITaxon_337041															
http://www.iedb.org/epitope/111782	"Linear peptide"	SLACSWGMV			266	274			"Replication protein E1"	http://www.ncbi.nlm.nih.gov/protein/P03114.2	"Replication protein E1"	http://www.uniprot.org/uniprot/P03114	"Human papillomavirus 16"	http://purl.obolibrary.org/obo/NCBITaxon_333760	"Alphapapillomavirus 9"	http://purl.obolibrary.org/obo/NCBITaxon_337041															
http://www.iedb.org/epitope/111783	"Linear peptide"	SLACSWGMVV			266	275			"Replication protein E1"	http://www.ncbi.nlm.nih.gov/protein/P03114.2	"Replication protein E1"	http://www.uniprot.org/uniprot/P03114	"Human papillomavirus 16"	http://purl.obolibrary.org/obo/NCBITaxon_333760	"Alphapapillomavirus 9"	http://purl.obolibrary.org/obo/NCBITaxon_337041															
http://www.iedb.org/epitope/111833	"Linear peptide"	TLEDLLMGT			78	86			E7	http://www.ncbi.nlm.nih.gov/protein/AAD33253.1	"Protein E7"	http://www.uniprot.org/uniprot/P03129	"Human papillomavirus 16"	http://purl.obolibrary.org/obo/NCBITaxon_333760	"Alphapapillomavirus 9"	http://purl.obolibrary.org/obo/NCBITaxon_337041															
http://www.iedb.org/epitope/111938	"Linear peptide"	VYDFAFRDLCIVYRD			49	63			"Protein E6"	http://www.ncbi.nlm.nih.gov/protein/P03126.1	"Protein E6"	http://www.uniprot.org/uniprot/P03126	"Human papillomavirus 16"	http://purl.obolibrary.org/obo/NCBITaxon_333760	"Alphapapillomavirus 9"	http://purl.obolibrary.org/obo/NCBITaxon_337041															
http://www.iedb.org/epitope/111941	"Linear peptide"	VYRDGNPYA			60	68			"Protein E6"	http://www.ncbi.nlm.nih.gov/protein/P03126.1	"Protein E6"	http://www.uniprot.org/uniprot/P03126	"Human papillomavirus 16"	http://purl.obolibrary.org/obo/NCBITaxon_333760	"Alphapapillomavirus 9"	http://purl.obolibrary.org/obo/NCBITaxon_337041															
http://www.iedb.org/epitope/111973	"Linear peptide"	YSKISEYRHY			77	86			"E6 protein"	http://www.ncbi.nlm.nih.gov/protein/ACS92692.1	"Protein E6"	http://www.uniprot.org/uniprot/P03126	"Human papillomavirus 16"	http://purl.obolibrary.org/obo/NCBITaxon_333760	"Alphapapillomavirus 9"	http://purl.obolibrary.org/obo/NCBITaxon_337041															
http://www.iedb.org/epitope/112064	"Linear peptide"	CKPPIGEHWGKGSPCT			187	202			"L1 protein"	http://www.ncbi.nlm.nih.gov/protein/ACA14209.1	"Major capsid protein L1"	http://www.uniprot.org/uniprot/P03101	"Human papillomavirus 16"	http://purl.obolibrary.org/obo/NCBITaxon_333760	"Alphapapillomavirus 9"	http://purl.obolibrary.org/obo/NCBITaxon_337041															
http://www.iedb.org/epitope/113033	"Linear peptide"	IRTLEDLLMGT			76	86			E7	http://www.ncbi.nlm.nih.gov/protein/AAD33253.1	"Protein E7"	http://www.uniprot.org/uniprot/P03129	"Human papillomavirus 16"	http://purl.obolibrary.org/obo/NCBITaxon_333760	"Alphapapillomavirus 9"	http://purl.obolibrary.org/obo/NCBITaxon_337041															
http://www.iedb.org/epitope/113122	"Linear peptide"	QERPRKLPQL			13	22			"Protein E6"	http://www.ncbi.nlm.nih.gov/protein/P03126.1	"Protein E6"	http://www.uniprot.org/uniprot/P03126	"Human papillomavirus 16"	http://purl.obolibrary.org/obo/NCBITaxon_333760	"Alphapapillomavirus 9"	http://purl.obolibrary.org/obo/NCBITaxon_337041															
http://www.iedb.org/epitope/113154	"Linear peptide"	RWTGRCMSCC			138	147			"Protein E6"	http://www.ncbi.nlm.nih.gov/protein/P03126.1	"Protein E6"	http://www.uniprot.org/uniprot/P03126	"Human papillomavirus 16"	http://purl.obolibrary.org/obo/NCBITaxon_333760	"Alphapapillomavirus 9"	http://purl.obolibrary.org/obo/NCBITaxon_337041															
http://www.iedb.org/epitope/113177	"Linear peptide"	SSRTRRETQL			149	158			"Protein E6"	http://www.ncbi.nlm.nih.gov/protein/P03126.1	"Protein E6"	http://www.uniprot.org/uniprot/P03126	"Human papillomavirus 16"	http://purl.obolibrary.org/obo/NCBITaxon_333760	"Alphapapillomavirus 9"	http://purl.obolibrary.org/obo/NCBITaxon_337041															
http://www.iedb.org/epitope/118891	"Linear peptide"	LPQLCTEL			19	26			"Protein E6"	http://www.ncbi.nlm.nih.gov/protein/P03126.1	"Protein E6"	http://www.uniprot.org/uniprot/P03126	"Human papillomavirus 16"	http://purl.obolibrary.org/obo/NCBITaxon_333760	"Alphapapillomavirus 9"	http://purl.obolibrary.org/obo/NCBITaxon_337041															
http://www.iedb.org/epitope/118987	"Linear peptide"	QLCTELQTTI			21	30			"Protein E6"	http://www.ncbi.nlm.nih.gov/protein/P03126.1	"Protein E6"	http://www.uniprot.org/uniprot/P03126	"Human papillomavirus 16"	http://purl.obolibrary.org/obo/NCBITaxon_333760	"Alphapapillomavirus 9"	http://purl.obolibrary.org/obo/NCBITaxon_337041															
http://www.iedb.org/epitope/119002	"Linear peptide"	RPRKLPQL			15	22			"Protein E6"	http://www.ncbi.nlm.nih.gov/protein/P03126.1	"Protein E6"	http://www.uniprot.org/uniprot/P03126	"Human papillomavirus 16"	http://purl.obolibrary.org/obo/NCBITaxon_333760	"Alphapapillomavirus 9"	http://purl.obolibrary.org/obo/NCBITaxon_337041															
http://www.iedb.org/epitope/119003	"Linear peptide"	RREVYDFAFR			46	55			"Protein E6"	http://www.ncbi.nlm.nih.gov/protein/P03126.1	"Protein E6"	http://www.uniprot.org/uniprot/P03126	"Human papillomavirus 16"	http://purl.obolibrary.org/obo/NCBITaxon_333760	"Alphapapillomavirus 9"	http://purl.obolibrary.org/obo/NCBITaxon_337041															
http://www.iedb.org/epitope/119029	"Linear peptide"	TELQTTIHDI			24	33			"Protein E6"	http://www.ncbi.nlm.nih.gov/protein/P03126.1	"Protein E6"	http://www.uniprot.org/uniprot/P03126	"Human papillomavirus 16"	http://purl.obolibrary.org/obo/NCBITaxon_333760	"Alphapapillomavirus 9"	http://purl.obolibrary.org/obo/NCBITaxon_337041															
http://www.iedb.org/epitope/139028	"Linear peptide"	DLLMGTLGIV			81	90			E7	http://www.ncbi.nlm.nih.gov/protein/AAD33253.1	"Protein E7"	http://www.uniprot.org/uniprot/P03129	"Human papillomavirus 16"	http://purl.obolibrary.org/obo/NCBITaxon_333760	"Alphapapillomavirus 9"	http://purl.obolibrary.org/obo/NCBITaxon_337041															
http://www.iedb.org/epitope/139234	"Linear peptide"	RTLEDLLMGT			77	86			"Protein E7"	http://www.ncbi.nlm.nih.gov/protein/P03129.1	"Protein E7"	http://www.uniprot.org/uniprot/P03129	"Human papillomavirus 16"	http://purl.obolibrary.org/obo/NCBITaxon_333760	"Alphapapillomavirus 9"	http://purl.obolibrary.org/obo/NCBITaxon_337041															
http://www.iedb.org/epitope/153164	"Linear peptide"	YNKPLCDLL			99	107			"Protein E6"	http://www.ncbi.nlm.nih.gov/protein/P03126.1	"Protein E6"	http://www.uniprot.org/uniprot/P03126	"Human papillomavirus 16"	http://purl.obolibrary.org/obo/NCBITaxon_333760	"Alphapapillomavirus 9"	http://purl.obolibrary.org/obo/NCBITaxon_337041															
http://www.iedb.org/epitope/153171	"Linear peptide"	YRDGNPYAV			61	69			"Protein E6"	http://www.ncbi.nlm.nih.gov/protein/P03126.1	"Protein E6"	http://www.uniprot.org/uniprot/P03126	"Human papillomavirus 16"	http://purl.obolibrary.org/obo/NCBITaxon_333760	"Alphapapillomavirus 9"	http://purl.obolibrary.org/obo/NCBITaxon_337041															
http://www.iedb.org/epitope/164805	"Linear peptide"	HYNIVTFCCK			51	60			E7	http://www.ncbi.nlm.nih.gov/protein/AAD33253.1	"Protein E7"	http://www.uniprot.org/uniprot/P03129	"Human papillomavirus 16"	http://purl.obolibrary.org/obo/NCBITaxon_333760	"Alphapapillomavirus 9"	http://purl.obolibrary.org/obo/NCBITaxon_337041															
http://www.iedb.org/epitope/165037	"Linear peptide"	LMGTLGIVCPI			83	93			E7	http://www.ncbi.nlm.nih.gov/protein/AAD33253.1	"Protein E7"	http://www.uniprot.org/uniprot/P03129	"Human papillomavirus 16"	http://purl.obolibrary.org/obo/NCBITaxon_333760	"Alphapapillomavirus 9"	http://purl.obolibrary.org/obo/NCBITaxon_337041															
http://www.iedb.org/epitope/168256	"Linear peptide"	CDSTLRLCV			61	69			"Protein E7"	http://www.ncbi.nlm.nih.gov/protein/P03129.1	"Protein E7"	http://www.uniprot.org/uniprot/P03129	"Human papillomavirus 16"	http://purl.obolibrary.org/obo/NCBITaxon_333760	"Alphapapillomavirus 9"	http://purl.obolibrary.org/obo/NCBITaxon_337041															
http://www.iedb.org/epitope/169070	"Linear peptide"	LCVQSTHVDI			67	76			"Protein E7"	http://www.ncbi.nlm.nih.gov/protein/P03129.1	"Protein E7"	http://www.uniprot.org/uniprot/P03129	"Human papillomavirus 16"	http://purl.obolibrary.org/obo/NCBITaxon_333760	"Alphapapillomavirus 9"	http://purl.obolibrary.org/obo/NCBITaxon_337041															
http://www.iedb.org/epitope/175568	"Linear peptide"	AQIFNKPYWL			304	313			L1	http://www.ncbi.nlm.nih.gov/protein/AAO19439.1	"Major capsid protein L1"	http://www.uniprot.org/uniprot/P03101	"Human papillomavirus 16"	http://purl.obolibrary.org/obo/NCBITaxon_333760	"Alphapapillomavirus 9"	http://purl.obolibrary.org/obo/NCBITaxon_337041															
http://www.iedb.org/epitope/175639	"Linear peptide"	QIFNKPYWL			305	313			L1	http://www.ncbi.nlm.nih.gov/protein/AAO19439.1	"Major capsid protein L1"	http://www.uniprot.org/uniprot/P03101	"Human papillomavirus 16"	http://purl.obolibrary.org/obo/NCBITaxon_333760	"Alphapapillomavirus 9"	http://purl.obolibrary.org/obo/NCBITaxon_337041															
http://www.iedb.org/epitope/178185	"Linear peptide"	AFRDLCIVYRDGNPY			53	67			"Protein E6"	http://www.ncbi.nlm.nih.gov/protein/P03126.1	"Protein E6"	http://www.uniprot.org/uniprot/P03126	"Human papillomavirus 16"	http://purl.obolibrary.org/obo/NCBITaxon_333760	"Alphapapillomavirus 9"	http://purl.obolibrary.org/obo/NCBITaxon_337041															
http://www.iedb.org/epitope/178247	"Linear peptide"	HLDKKQRFHNIRGRW			125	139			"Protein E6"	http://www.ncbi.nlm.nih.gov/protein/P03126.1	"Protein E6"	http://www.uniprot.org/uniprot/P03126	"Human papillomavirus 16"	http://purl.obolibrary.org/obo/NCBITaxon_333760	"Alphapapillomavirus 9"	http://purl.obolibrary.org/obo/NCBITaxon_337041															
http://www.iedb.org/epitope/178351	"Linear peptide"	TPTLHEYMLDLQPET			5	19			"Protein E7"	http://www.ncbi.nlm.nih.gov/protein/P03129.1	"Protein E7"	http://www.uniprot.org/uniprot/P03129	"Human papillomavirus 16"	http://purl.obolibrary.org/obo/NCBITaxon_333760	"Alphapapillomavirus 9"	http://purl.obolibrary.org/obo/NCBITaxon_337041															
http://www.iedb.org/epitope/244063	"Linear peptide"	RRYPYPAR							"Protein E7"	https://ontology.iedb.org/ontology/ONTIE_0002426	"Protein E7"	http://www.uniprot.org/uniprot/P03129	"Human papillomavirus 16"	http://purl.obolibrary.org/obo/NCBITaxon_333760	"Alphapapillomavirus 9"	http://purl.obolibrary.org/obo/NCBITaxon_337041															
http://www.iedb.org/epitope/436295	"Linear peptide"	AILDINNTV			144	152			"Minor capsid protein L2"	http://www.ncbi.nlm.nih.gov/protein/P03107.1	"Minor capsid protein L2"	http://www.uniprot.org/uniprot/P03107	"Human papillomavirus 16"	http://purl.obolibrary.org/obo/NCBITaxon_333760	"Alphapapillomavirus 9"	http://purl.obolibrary.org/obo/NCBITaxon_337041															
http://www.iedb.org/epitope/439039	"Linear peptide"	LLITSNINA			562	570			"Replication protein E1"	http://www.ncbi.nlm.nih.gov/protein/P03114.2	"Replication protein E1"	http://www.uniprot.org/uniprot/P03114	"Human papillomavirus 16"	http://purl.obolibrary.org/obo/NCBITaxon_333760	"Alphapapillomavirus 9"	http://purl.obolibrary.org/obo/NCBITaxon_337041															
http://www.iedb.org/epitope/440042	"Linear peptide"	RLVWACVGV			123	131			"Major capsid protein L1"	http://www.ncbi.nlm.nih.gov/protein/P03101.2	"Major capsid protein L1"	http://www.uniprot.org/uniprot/P03101	"Human papillomavirus 16"	http://purl.obolibrary.org/obo/NCBITaxon_333760	"Alphapapillomavirus 9"	http://purl.obolibrary.org/obo/NCBITaxon_337041															
http://www.iedb.org/epitope/441864	"Linear peptide"	YLTAPTGCI			102	110			"Regulatory protein E2"	http://www.ncbi.nlm.nih.gov/protein/P03120.1	"Regulatory protein E2"	http://www.uniprot.org/uniprot/P03120	"Human papillomavirus 16"	http://purl.obolibrary.org/obo/NCBITaxon_333760	"Alphapapillomavirus 9"	http://purl.obolibrary.org/obo/NCBITaxon_337041															
http://www.iedb.org/epitope/567353	"Linear peptide"	AHYNIVTFCC			50	59			E7	http://www.ncbi.nlm.nih.gov/protein/AAD33253.1	"Protein E7"	http://www.uniprot.org/uniprot/P03129	"Human papillomavirus 16"	http://purl.obolibrary.org/obo/NCBITaxon_333760	"Alphapapillomavirus 9"	http://purl.obolibrary.org/obo/NCBITaxon_337041															
http://www.iedb.org/epitope/568913	"Linear peptide"	YNIVTFCCKC			52	61			E7	http://www.ncbi.nlm.nih.gov/protein/AAD33253.1	"Protein E7"	http://www.uniprot.org/uniprot/P03129	"Human papillomavirus 16"	http://purl.obolibrary.org/obo/NCBITaxon_333760	"Alphapapillomavirus 9"	http://purl.obolibrary.org/obo/NCBITaxon_337041															
http://www.iedb.org/epitope/604613	"Linear peptide"	QQYNKPLCDL			90	99			"E6 protein"	http://www.ncbi.nlm.nih.gov/protein/CAB45108.1	"Protein E6"	http://www.uniprot.org/uniprot/P03126	"Human papillomavirus 16"	http://purl.obolibrary.org/obo/NCBITaxon_333760	"Alphapapillomavirus 9"	http://purl.obolibrary.org/obo/NCBITaxon_337041															
http://www.iedb.org/epitope/688709	"Linear peptide"	DLLMGTLGIVC			81	91			E7	http://www.ncbi.nlm.nih.gov/protein/AAD33253.1	"Protein E7"	http://www.uniprot.org/uniprot/P03129	"Human papillomavirus 16"	http://purl.obolibrary.org/obo/NCBITaxon_333760	"Alphapapillomavirus 9"	http://purl.obolibrary.org/obo/NCBITaxon_337041															
http://www.iedb.org/epitope/768391	"Linear peptide"	"DLLMGTLGIV + OX(M4)"	M4	Oxidation	81	90			E7	http://www.ncbi.nlm.nih.gov/protein/AAD33253.1	"Protein E7"	http://www.uniprot.org/uniprot/P03129	"Human papillomavirus 16"	http://purl.obolibrary.org/obo/NCBITaxon_333760	"Alphapapillomavirus 9"	http://purl.obolibrary.org/obo/NCBITaxon_337041															
http://www.iedb.org/epitope/768403	"Linear peptide"	"EDLLMGTLGIV + OX(M5)"	M5	Oxidation	80	90			E7	http://www.ncbi.nlm.nih.gov/protein/AAD33253.1	"Protein E7"	http://www.uniprot.org/uniprot/P03129	"Human papillomavirus 16"	http://purl.obolibrary.org/obo/NCBITaxon_333760	"Alphapapillomavirus 9"	http://purl.obolibrary.org/obo/NCBITaxon_337041															
http://www.iedb.org/epitope/768404	"Linear peptide"	EDLLMGTLGIV			80	90			E7	http://www.ncbi.nlm.nih.gov/protein/AAD33253.1	"Protein E7"	http://www.uniprot.org/uniprot/P03129	"Human papillomavirus 16"	http://purl.obolibrary.org/obo/NCBITaxon_333760	"Alphapapillomavirus 9"	http://purl.obolibrary.org/obo/NCBITaxon_337041															
http://www.iedb.org/epitope/768426	"Linear peptide"	"EYMLDLQPET + OX(M3)"	M3	Oxidation	10	19			E7	http://www.ncbi.nlm.nih.gov/protein/AAD33253.1	"Protein E7"	http://www.uniprot.org/uniprot/P03129	"Human papillomavirus 16"	http://purl.obolibrary.org/obo/NCBITaxon_333760	"Alphapapillomavirus 9"	http://purl.obolibrary.org/obo/NCBITaxon_337041															
http://www.iedb.org/epitope/768427	"Linear peptide"	EYMLDLQPET			10	19			E7	http://www.ncbi.nlm.nih.gov/protein/AAD33253.1	"Protein E7"	http://www.uniprot.org/uniprot/P03129	"Human papillomavirus 16"	http://purl.obolibrary.org/obo/NCBITaxon_333760	"Alphapapillomavirus 9"	http://purl.obolibrary.org/obo/NCBITaxon_337041															
http://www.iedb.org/epitope/768483	"Linear peptide"	"IRTLEDLLMGT + OX(M9)"	M9	Oxidation	76	86			E7	http://www.ncbi.nlm.nih.gov/protein/AAD33253.1	"Protein E7"	http://www.uniprot.org/uniprot/P03129	"Human papillomavirus 16"	http://purl.obolibrary.org/obo/NCBITaxon_333760	"Alphapapillomavirus 9"	http://purl.obolibrary.org/obo/NCBITaxon_337041															
http://www.iedb.org/epitope/768525	"Linear peptide"	"LLMGTLGIV + OX(M3)"	M3	Oxidation	82	90			E7	http://www.ncbi.nlm.nih.gov/protein/AAD33253.1	"Protein E7"	http://www.uniprot.org/uniprot/P03129	"Human papillomavirus 16"	http://purl.obolibrary.org/obo/NCBITaxon_333760	"Alphapapillomavirus 9"	http://purl.obolibrary.org/obo/NCBITaxon_337041															
http://www.iedb.org/epitope/768545	"Linear peptide"	"MLDLQPET + OX(M1)"	M1	Oxidation	12	19			E7	http://www.ncbi.nlm.nih.gov/protein/AAD33253.1	"Protein E7"	http://www.uniprot.org/uniprot/P03129	"Human papillomavirus 16"	http://purl.obolibrary.org/obo/NCBITaxon_333760	"Alphapapillomavirus 9"	http://purl.obolibrary.org/obo/NCBITaxon_337041															
http://www.iedb.org/epitope/768546	"Linear peptide"	MLDLQPET			12	19			E7	http://www.ncbi.nlm.nih.gov/protein/AAD33253.1	"Protein E7"	http://www.uniprot.org/uniprot/P03129	"Human papillomavirus 16"	http://purl.obolibrary.org/obo/NCBITaxon_333760	"Alphapapillomavirus 9"	http://purl.obolibrary.org/obo/NCBITaxon_337041															
http://www.iedb.org/epitope/768547	"Linear peptide"	"MLDLQPETT + OX(M1)"	M1	Oxidation	12	20			E7	http://www.ncbi.nlm.nih.gov/protein/AAD33253.1	"Protein E7"	http://www.uniprot.org/uniprot/P03129	"Human papillomavirus 16"	http://purl.obolibrary.org/obo/NCBITaxon_333760	"Alphapapillomavirus 9"	http://purl.obolibrary.org/obo/NCBITaxon_337041															
http://www.iedb.org/epitope/768626	"Linear peptide"	"RTLEDLLMGT + OX(M8)"	M8	Oxidation	77	86			E7	http://www.ncbi.nlm.nih.gov/protein/AAD33253.1	"Protein E7"	http://www.uniprot.org/uniprot/P03129	"Human papillomavirus 16"	http://purl.obolibrary.org/obo/NCBITaxon_333760	"Alphapapillomavirus 9"	http://purl.obolibrary.org/obo/NCBITaxon_337041															
http://www.iedb.org/epitope/768627	"Linear peptide"	"RTLEDLLMGTL + OX(M8)"	M8	Oxidation	77	87			E7	http://www.ncbi.nlm.nih.gov/protein/AAD33253.1	"Protein E7"	http://www.uniprot.org/uniprot/P03129	"Human papillomavirus 16"	http://purl.obolibrary.org/obo/NCBITaxon_333760	"Alphapapillomavirus 9"	http://purl.obolibrary.org/obo/NCBITaxon_337041															
http://www.iedb.org/epitope/768628	"Linear peptide"	RTLEDLLMGTL			77	87			E7	http://www.ncbi.nlm.nih.gov/protein/AAD33253.1	"Protein E7"	http://www.uniprot.org/uniprot/P03129	"Human papillomavirus 16"	http://purl.obolibrary.org/obo/NCBITaxon_333760	"Alphapapillomavirus 9"	http://purl.obolibrary.org/obo/NCBITaxon_337041															
http://www.iedb.org/epitope/768665	"Linear peptide"	"TLEDLLMGT + OX(M7)"	M7	Oxidation	78	86			E7	http://www.ncbi.nlm.nih.gov/protein/AAD33253.1	"Protein E7"	http://www.uniprot.org/uniprot/P03129	"Human papillomavirus 16"	http://purl.obolibrary.org/obo/NCBITaxon_333760	"Alphapapillomavirus 9"	http://purl.obolibrary.org/obo/NCBITaxon_337041															
http://www.iedb.org/epitope/768666	"Linear peptide"	"TLHEYMLDL + OX(M6)"	M6	Oxidation	7	15			E7	http://www.ncbi.nlm.nih.gov/protein/AAD33253.1	"Protein E7"	http://www.uniprot.org/uniprot/P03129	"Human papillomavirus 16"	http://purl.obolibrary.org/obo/NCBITaxon_333760	"Alphapapillomavirus 9"	http://purl.obolibrary.org/obo/NCBITaxon_337041															
http://www.iedb.org/epitope/768667	"Linear peptide"	"TLHEYMLDLQP + OX(M6)"	M6	Oxidation	7	17			E7	http://www.ncbi.nlm.nih.gov/protein/AAD33253.1	"Protein E7"	http://www.uniprot.org/uniprot/P03129	"Human papillomavirus 16"	http://purl.obolibrary.org/obo/NCBITaxon_333760	"Alphapapillomavirus 9"	http://purl.obolibrary.org/obo/NCBITaxon_337041															
http://www.iedb.org/epitope/768668	"Linear peptide"	TLHEYMLDLQP			7	17			E7	http://www.ncbi.nlm.nih.gov/protein/AAD33253.1	"Protein E7"	http://www.uniprot.org/uniprot/P03129	"Human papillomavirus 16"	http://purl.obolibrary.org/obo/NCBITaxon_333760	"Alphapapillomavirus 9"	http://purl.obolibrary.org/obo/NCBITaxon_337041															
http://www.iedb.org/epitope/768724	"Linear peptide"	"YMLDLQPE + OX(M2)"	M2	Oxidation	11	18			E7	http://www.ncbi.nlm.nih.gov/protein/AAD33253.1	"Protein E7"	http://www.uniprot.org/uniprot/P03129	"Human papillomavirus 16"	http://purl.obolibrary.org/obo/NCBITaxon_333760	"Alphapapillomavirus 9"	http://purl.obolibrary.org/obo/NCBITaxon_337041															
http://www.iedb.org/epitope/768725	"Linear peptide"	YMLDLQPE			11	18			E7	http://www.ncbi.nlm.nih.gov/protein/AAD33253.1	"Protein E7"	http://www.uniprot.org/uniprot/P03129	"Human papillomavirus 16"	http://purl.obolibrary.org/obo/NCBITaxon_333760	"Alphapapillomavirus 9"	http://purl.obolibrary.org/obo/NCBITaxon_337041															
http://www.iedb.org/epitope/768726	"Linear peptide"	"YMLDLQPET + OX(M2)"	M2	Oxidation	11	19			E7	http://www.ncbi.nlm.nih.gov/protein/AAD33253.1	"Protein E7"	http://www.uniprot.org/uniprot/P03129	"Human papillomavirus 16"	http://purl.obolibrary.org/obo/NCBITaxon_333760	"Alphapapillomavirus 9"	http://purl.obolibrary.org/obo/NCBITaxon_337041															
http://www.iedb.org/epitope/768727	"Linear peptide"	"YMLDLQPETT + OX(M2)"	M2	Oxidation	11	20			E7	http://www.ncbi.nlm.nih.gov/protein/AAD33253.1	"Protein E7"	http://www.uniprot.org/uniprot/P03129	"Human papillomavirus 16"	http://purl.obolibrary.org/obo/NCBITaxon_333760	"Alphapapillomavirus 9"	http://purl.obolibrary.org/obo/NCBITaxon_337041															
http://www.iedb.org/epitope/768728	"Linear peptide"	"YMLDLQPETTD + OX(M2)"	M2	Oxidation	11	21			E7	http://www.ncbi.nlm.nih.gov/protein/AAD33253.1	"Protein E7"	http://www.uniprot.org/uniprot/P03129	"Human papillomavirus 16"	http://purl.obolibrary.org/obo/NCBITaxon_333760	"Alphapapillomavirus 9"	http://purl.obolibrary.org/obo/NCBITaxon_337041															
http://www.iedb.org/epitope/768729	"Linear peptide"	YMLDLQPETTD			11	21			E7	http://www.ncbi.nlm.nih.gov/protein/AAD33253.1	"Protein E7"	http://www.uniprot.org/uniprot/P03129	"Human papillomavirus 16"	http://purl.obolibrary.org/obo/NCBITaxon_333760	"Alphapapillomavirus 9"	http://purl.obolibrary.org/obo/NCBITaxon_337041															
http://www.iedb.org/epitope/769595	"Linear peptide"	ETIEKLLSKL			288	297			"Replication protein E1"	http://www.ncbi.nlm.nih.gov/protein/P03114.2	"Replication protein E1"	http://www.uniprot.org/uniprot/P03114	"Human papillomavirus 16"	http://purl.obolibrary.org/obo/NCBITaxon_333760	"Alphapapillomavirus 9"	http://purl.obolibrary.org/obo/NCBITaxon_337041															
http://www.iedb.org/epitope/911710	"Linear peptide"	AVCDKCLKFY			68	77			E6	http://www.ncbi.nlm.nih.gov/protein/AAD33252.1	"Protein E6"	http://www.uniprot.org/uniprot/P03126	"Human papillomavirus 16"	http://purl.obolibrary.org/obo/NCBITaxon_333760	"Alphapapillomavirus 9"	http://purl.obolibrary.org/obo/NCBITaxon_337041															
http://www.iedb.org/epitope/911713	"Linear peptide"	CVYCKQQLLR			37	46			E6	http://www.ncbi.nlm.nih.gov/protein/AAD33252.1	"Protein E6"	http://www.uniprot.org/uniprot/P03126	"Human papillomavirus 16"	http://purl.obolibrary.org/obo/NCBITaxon_333760	"Alphapapillomavirus 9"	http://purl.obolibrary.org/obo/NCBITaxon_337041															
http://www.iedb.org/epitope/911721	"Linear peptide"	DSAPILTAF			263	271			E2	http://www.ncbi.nlm.nih.gov/protein/AAD33255.1	"Regulatory protein E2"	http://www.uniprot.org/uniprot/P03120	"Human papillomavirus 16"	http://purl.obolibrary.org/obo/NCBITaxon_333760	"Alphapapillomavirus 9"	http://purl.obolibrary.org/obo/NCBITaxon_337041															
http://www.iedb.org/epitope/911753	"Linear peptide"	HPAATHTKAV			218	227			"Regulatory protein E2"	http://www.ncbi.nlm.nih.gov/protein/P03120.1	"Regulatory protein E2"	http://www.uniprot.org/uniprot/P03120	"Human papillomavirus 16"	http://purl.obolibrary.org/obo/NCBITaxon_333760	"Alphapapillomavirus 9"	http://purl.obolibrary.org/obo/NCBITaxon_337041															
http://www.iedb.org/epitope/911768	"Linear peptide"	ILTAFNSSHK			267	276			E2	http://www.ncbi.nlm.nih.gov/protein/AAD33255.1	"Regulatory protein E2"	http://www.uniprot.org/uniprot/P03120	"Human papillomavirus 16"	http://purl.obolibrary.org/obo/NCBITaxon_333760	"Alphapapillomavirus 9"	http://purl.obolibrary.org/obo/NCBITaxon_337041															
http://www.iedb.org/epitope/911785	"Linear peptide"	KSAIVTLTY			329	337			"Regulatory protein E2"	http://www.ncbi.nlm.nih.gov/protein/P03120.1	"Regulatory protein E2"	http://www.uniprot.org/uniprot/P03120	"Human papillomavirus 16"	http://purl.obolibrary.org/obo/NCBITaxon_333760	"Alphapapillomavirus 9"	http://purl.obolibrary.org/obo/NCBITaxon_337041															
http://www.iedb.org/epitope/911791	"Linear peptide"	LAVSKNKAL			62	70			E2	http://www.ncbi.nlm.nih.gov/protein/AAD33255.1	"Regulatory protein E2"	http://www.uniprot.org/uniprot/P03120	"Human papillomavirus 16"	http://purl.obolibrary.org/obo/NCBITaxon_333760	"Alphapapillomavirus 9"	http://purl.obolibrary.org/obo/NCBITaxon_337041															
http://www.iedb.org/epitope/911799	"Linear peptide"	LQDVSLEVY			94	102			E2	http://www.ncbi.nlm.nih.gov/protein/AAD33255.1	"Regulatory protein E2"	http://www.uniprot.org/uniprot/P03120	"Human papillomavirus 16"	http://purl.obolibrary.org/obo/NCBITaxon_333760	"Alphapapillomavirus 9"	http://purl.obolibrary.org/obo/NCBITaxon_337041															
http://www.iedb.org/epitope/911800	"Linear peptide"	LQPETTDLY			15	23			E7	http://www.ncbi.nlm.nih.gov/protein/AAD33253.1	"Protein E7"	http://www.uniprot.org/uniprot/P03129	"Human papillomavirus 16"	http://purl.obolibrary.org/obo/NCBITaxon_333760	"Alphapapillomavirus 9"	http://purl.obolibrary.org/obo/NCBITaxon_337041															
http://www.iedb.org/epitope/911803	"Linear peptide"	LTAPTGCIKK			103	112			E2	http://www.ncbi.nlm.nih.gov/protein/AAD33255.1	"Regulatory protein E2"	http://www.uniprot.org/uniprot/P03120	"Human papillomavirus 16"	http://purl.obolibrary.org/obo/NCBITaxon_333760	"Alphapapillomavirus 9"	http://purl.obolibrary.org/obo/NCBITaxon_337041															
http://www.iedb.org/epitope/911815	"Linear peptide"	NPCHTTKLL			249	257			E2	http://www.ncbi.nlm.nih.gov/protein/AAD33255.1	"Regulatory protein E2"	http://www.uniprot.org/uniprot/P03120	"Human papillomavirus 16"	http://purl.obolibrary.org/obo/NCBITaxon_333760	"Alphapapillomavirus 9"	http://purl.obolibrary.org/obo/NCBITaxon_337041															
http://www.iedb.org/epitope/911816	"Linear peptide"	NPYAVCDKCL			65	74			E6	http://www.ncbi.nlm.nih.gov/protein/AAD33252.1	"Protein E6"	http://www.uniprot.org/uniprot/P03126	"Human papillomavirus 16"	http://purl.obolibrary.org/obo/NCBITaxon_333760	"Alphapapillomavirus 9"	http://purl.obolibrary.org/obo/NCBITaxon_337041															
http://www.iedb.org/epitope/911819	"Linear peptide"	NTTPIVHLK			284	292			E2	http://www.ncbi.nlm.nih.gov/protein/AAD33255.1	"Regulatory protein E2"	http://www.uniprot.org/uniprot/P03120	"Human papillomavirus 16"	http://purl.obolibrary.org/obo/NCBITaxon_333760	"Alphapapillomavirus 9"	http://purl.obolibrary.org/obo/NCBITaxon_337041															
http://www.iedb.org/epitope/911835	"Linear peptide"	QVILCPTSV			191	199			E2	http://www.ncbi.nlm.nih.gov/protein/AAD33255.1	"Regulatory protein E2"	http://www.uniprot.org/uniprot/P03120	"Human papillomavirus 16"	http://purl.obolibrary.org/obo/NCBITaxon_333760	"Alphapapillomavirus 9"	http://purl.obolibrary.org/obo/NCBITaxon_337041															
http://www.iedb.org/epitope/911836	"Linear peptide"	RLECAIYYK			37	45			E2	http://www.ncbi.nlm.nih.gov/protein/AAD33255.1	"Regulatory protein E2"	http://www.uniprot.org/uniprot/P03120	"Human papillomavirus 16"	http://purl.obolibrary.org/obo/NCBITaxon_333760	"Alphapapillomavirus 9"	http://purl.obolibrary.org/obo/NCBITaxon_337041															
http://www.iedb.org/epitope/911841	"Linear peptide"	RPRKLPQLCT			15	24			E6	http://www.ncbi.nlm.nih.gov/protein/AAD33252.1	"Protein E6"	http://www.uniprot.org/uniprot/P03126	"Human papillomavirus 16"	http://purl.obolibrary.org/obo/NCBITaxon_333760	"Alphapapillomavirus 9"	http://purl.obolibrary.org/obo/NCBITaxon_337041															
http://www.iedb.org/epitope/911857	"Linear peptide"	SPEIIRQHL			207	215			E2	http://www.ncbi.nlm.nih.gov/protein/AAD33255.1	"Regulatory protein E2"	http://www.uniprot.org/uniprot/P03120	"Human papillomavirus 16"	http://purl.obolibrary.org/obo/NCBITaxon_333760	"Alphapapillomavirus 9"	http://purl.obolibrary.org/obo/NCBITaxon_337041															
http://www.iedb.org/epitope/911865	"Linear peptide"	TLKCLRYRFK			297	306			E2	http://www.ncbi.nlm.nih.gov/protein/AAD33255.1	"Regulatory protein E2"	http://www.uniprot.org/uniprot/P03120	"Human papillomavirus 16"	http://purl.obolibrary.org/obo/NCBITaxon_333760	"Alphapapillomavirus 9"	http://purl.obolibrary.org/obo/NCBITaxon_337041															
http://www.iedb.org/epitope/911866	"Linear peptide"	TLYTAVSST			310	318			E2	http://www.ncbi.nlm.nih.gov/protein/AAD33255.1	"Regulatory protein E2"	http://www.uniprot.org/uniprot/P03120	"Human papillomavirus 16"	http://purl.obolibrary.org/obo/NCBITaxon_333760	"Alphapapillomavirus 9"	http://purl.obolibrary.org/obo/NCBITaxon_337041															
http://www.iedb.org/epitope/911868	"Linear peptide"	TPTLHEYML			5	13			E7	http://www.ncbi.nlm.nih.gov/protein/AAD33253.1	"Protein E7"	http://www.uniprot.org/uniprot/P03129	"Human papillomavirus 16"	http://purl.obolibrary.org/obo/NCBITaxon_333760	"Alphapapillomavirus 9"	http://purl.obolibrary.org/obo/NCBITaxon_337041															
http://www.iedb.org/epitope/911884	"Linear peptide"	VVEGQVDYY			147	155			E2	http://www.ncbi.nlm.nih.gov/protein/AAD33255.1	"Regulatory protein E2"	http://www.uniprot.org/uniprot/P03120	"Human papillomavirus 16"	http://purl.obolibrary.org/obo/NCBITaxon_333760	"Alphapapillomavirus 9"	http://purl.obolibrary.org/obo/NCBITaxon_337041															
http://www.iedb.org/epitope/911887	"Linear peptide"	YAVCDKCLKF			67	76			E6	http://www.ncbi.nlm.nih.gov/protein/AAD33252.1	"Protein E6"	http://www.uniprot.org/uniprot/P03126	"Human papillomavirus 16"	http://purl.obolibrary.org/obo/NCBITaxon_333760	"Alphapapillomavirus 9"	http://purl.obolibrary.org/obo/NCBITaxon_337041															
http://www.iedb.org/epitope/911904	"Linear peptide"	YGTTLEQQY			91	99			E6	http://www.ncbi.nlm.nih.gov/protein/AAD33252.1	"Protein E6"	http://www.uniprot.org/uniprot/P03126	"Human papillomavirus 16"	http://purl.obolibrary.org/obo/NCBITaxon_333760	"Alphapapillomavirus 9"	http://purl.obolibrary.org/obo/NCBITaxon_337041															
http://www.iedb.org/epitope/911909	"Linear peptide"	YRFKKHCTL			303	311			E2	http://www.ncbi.nlm.nih.gov/protein/AAD33255.1	"Regulatory protein E2"	http://www.uniprot.org/uniprot/P03120	"Human papillomavirus 16"	http://purl.obolibrary.org/obo/NCBITaxon_333760	"Alphapapillomavirus 9"	http://purl.obolibrary.org/obo/NCBITaxon_337041															
http://www.iedb.org/epitope/911911	"Linear peptide"	YYVHEGIRTY			158	167			E2	http://www.ncbi.nlm.nih.gov/protein/AAD33255.1	"Regulatory protein E2"	http://www.uniprot.org/uniprot/P03120	"Human papillomavirus 16"	http://purl.obolibrary.org/obo/NCBITaxon_333760	"Alphapapillomavirus 9"	http://purl.obolibrary.org/obo/NCBITaxon_337041															
http://www.iedb.org/epitope/1689248	"Linear peptide"	QVDYYGLYY			151	159			"Regulatory protein E2"	http://www.ncbi.nlm.nih.gov/protein/P03120.1	"Regulatory protein E2"	http://www.uniprot.org/uniprot/P03120	"Human papillomavirus 16"	http://purl.obolibrary.org/obo/NCBITaxon_333760	"Alphapapillomavirus 9"	http://purl.obolibrary.org/obo/NCBITaxon_337041															
http://www.iedb.org/epitope/1710553	"Linear peptide"	YRHYCYSL			83	90			"Protein E6"	http://www.ncbi.nlm.nih.gov/protein/P03126.1	"Protein E6"	http://www.uniprot.org/uniprot/P03126	"Human papillomavirus 16"	http://purl.obolibrary.org/obo/NCBITaxon_333760	"Alphapapillomavirus 9"	http://purl.obolibrary.org/obo/NCBITaxon_337041															
http://www.iedb.org/epitope/2004520	"Linear peptide"	AFRDLCIVY			53	61			"Protein E6"	http://www.ncbi.nlm.nih.gov/protein/P03126.1	"Protein E6"	http://www.uniprot.org/uniprot/P03126	"Human papillomavirus 16"	http://purl.obolibrary.org/obo/NCBITaxon_333760	"Alphapapillomavirus 9"	http://purl.obolibrary.org/obo/NCBITaxon_337041															
http://www.iedb.org/epitope/2022001	"Linear peptide"	IRGRWTGRC			135	143			"Protein E6"	http://www.ncbi.nlm.nih.gov/protein/P03126.1	"Protein E6"	http://www.uniprot.org/uniprot/P03126	"Human papillomavirus 16"	http://purl.obolibrary.org/obo/NCBITaxon_333760	"Alphapapillomavirus 9"	http://purl.obolibrary.org/obo/NCBITaxon_337041															
http://www.iedb.org/epitope/2150345	"Linear peptide"	ALDGNLVSMDV			539	549			"Replication protein E1"	http://www.ncbi.nlm.nih.gov/protein/P03114.2	"Replication protein E1"	http://www.uniprot.org/uniprot/P03114	"Human papillomavirus 16"	http://purl.obolibrary.org/obo/NCBITaxon_333760	"Alphapapillomavirus 9"	http://purl.obolibrary.org/obo/NCBITaxon_337041															
http://www.iedb.org/epitope/2150441	"Linear peptide"	FELSQMVQW			355	363			"Replication protein E1"	http://www.ncbi.nlm.nih.gov/protein/P03114.2	"Replication protein E1"	http://www.uniprot.org/uniprot/P03114	"Human papillomavirus 16"	http://purl.obolibrary.org/obo/NCBITaxon_333760	"Alphapapillomavirus 9"	http://purl.obolibrary.org/obo/NCBITaxon_337041															
http://www.iedb.org/epitope/2150506	"Linear peptide"	GRWTGRCMSC			137	146			"Protein E6"	http://www.ncbi.nlm.nih.gov/protein/P03126.1	"Protein E6"	http://www.uniprot.org/uniprot/P03126	"Human papillomavirus 16"	http://purl.obolibrary.org/obo/NCBITaxon_333760	"Alphapapillomavirus 9"	http://purl.obolibrary.org/obo/NCBITaxon_337041															
http://www.iedb.org/epitope/2150519	"Linear peptide"	HDIILECVY			31	39			"Protein E6"	http://www.ncbi.nlm.nih.gov/protein/P03126.1	"Protein E6"	http://www.uniprot.org/uniprot/P03126	"Human papillomavirus 16"	http://purl.obolibrary.org/obo/NCBITaxon_333760	"Alphapapillomavirus 9"	http://purl.obolibrary.org/obo/NCBITaxon_337041															
http://www.iedb.org/epitope/2150538	"Linear peptide"	HRDSVDSAPI			258	267			"Regulatory protein E2"	http://www.ncbi.nlm.nih.gov/protein/P03120.1	"Regulatory protein E2"	http://www.uniprot.org/uniprot/P03120	"Human papillomavirus 16"	http://purl.obolibrary.org/obo/NCBITaxon_333760	"Alphapapillomavirus 9"	http://purl.obolibrary.org/obo/NCBITaxon_337041															
http://www.iedb.org/epitope/2150623	"Linear peptide"	LEDLLMGTLGI			79	89			"Protein E7"	http://www.ncbi.nlm.nih.gov/protein/P03129.1	"Protein E7"	http://www.uniprot.org/uniprot/P03129	"Human papillomavirus 16"	http://purl.obolibrary.org/obo/NCBITaxon_333760	"Alphapapillomavirus 9"	http://purl.obolibrary.org/obo/NCBITaxon_337041															
http://www.iedb.org/epitope/2150712	"Linear peptide"	NKVWEVHAGGQVILC			181	195			"Regulatory protein E2"	http://www.ncbi.nlm.nih.gov/protein/P03120.1	"Regulatory protein E2"	http://www.uniprot.org/uniprot/P03120	"Human papillomavirus 16"	http://purl.obolibrary.org/obo/NCBITaxon_333760	"Alphapapillomavirus 9"	http://purl.obolibrary.org/obo/NCBITaxon_337041															
http://www.iedb.org/epitope/2150714	"Linear peptide"	NLDTASTTL			3	11			"Probable protein E5"	http://www.ncbi.nlm.nih.gov/protein/P06927.2	"Probable protein E5"	http://www.uniprot.org/uniprot/P06927	"Human papillomavirus 16"	http://purl.obolibrary.org/obo/NCBITaxon_333760	"Alphapapillomavirus 9"	http://purl.obolibrary.org/obo/NCBITaxon_337041															
http://www.iedb.org/epitope/2150796	"Linear peptide"	RPFKSNKST			224	232			"Replication protein E1"	http://www.ncbi.nlm.nih.gov/protein/P03114.2	"Replication protein E1"	http://www.uniprot.org/uniprot/P03114	"Human papillomavirus 16"	http://purl.obolibrary.org/obo/NCBITaxon_333760	"Alphapapillomavirus 9"	http://purl.obolibrary.org/obo/NCBITaxon_337041															
http://www.iedb.org/epitope/2150813	"Linear peptide"	SEIAYKYAQL			373	382			"Replication protein E1"	http://www.ncbi.nlm.nih.gov/protein/P03114.2	"Replication protein E1"	http://www.uniprot.org/uniprot/P03114	"Human papillomavirus 16"	http://purl.obolibrary.org/obo/NCBITaxon_333760	"Alphapapillomavirus 9"	http://purl.obolibrary.org/obo/NCBITaxon_337041															
http://www.iedb.org/epitope/2150846	"Linear peptide"	SRWPYLHNR			574	582			"Replication protein E1"	http://www.ncbi.nlm.nih.gov/protein/P03114.2	"Replication protein E1"	http://www.uniprot.org/uniprot/P03114	"Human papillomavirus 16"	http://purl.obolibrary.org/obo/NCBITaxon_333760	"Alphapapillomavirus 9"	http://purl.obolibrary.org/obo/NCBITaxon_337041															
http://www.iedb.org/epitope/2150878	"Linear peptide"	TLQDVSLEVYL			93	103			"Regulatory protein E2"	http://www.ncbi.nlm.nih.gov/protein/P03120.1	"Regulatory protein E2"	http://www.uniprot.org/uniprot/P03120	"Human papillomavirus 16"	http://purl.obolibrary.org/obo/NCBITaxon_333760	"Alphapapillomavirus 9"	http://purl.obolibrary.org/obo/NCBITaxon_337041															
http://www.iedb.org/epitope/2150975	"Linear peptide"	WPTTPPRPI			23	31			"E4 protein"	http://www.ncbi.nlm.nih.gov/protein/AAL01399.1	"Protein E4"	http://www.uniprot.org/uniprot/P06922	"Human papillomavirus 16"	http://purl.obolibrary.org/obo/NCBITaxon_333760	"Alphapapillomavirus 9"	http://purl.obolibrary.org/obo/NCBITaxon_337041															
http://www.iedb.org/epitope/2150987	"Linear peptide"	YICEEASVTVV			138	148			"Regulatory protein E2"	http://www.ncbi.nlm.nih.gov/protein/P03120.1	"Regulatory protein E2"	http://www.uniprot.org/uniprot/P03120	"Human papillomavirus 16"	http://purl.obolibrary.org/obo/NCBITaxon_333760	"Alphapapillomavirus 9"	http://purl.obolibrary.org/obo/NCBITaxon_337041															
http://www.iedb.org/epitope/2150993	"Linear peptide"	YLHNRLVVF			578	586			"Replication protein E1"	http://www.ncbi.nlm.nih.gov/protein/P03114.2	"Replication protein E1"	http://www.uniprot.org/uniprot/P03114	"Human papillomavirus 16"	http://purl.obolibrary.org/obo/NCBITaxon_333760	"Alphapapillomavirus 9"	http://purl.obolibrary.org/obo/NCBITaxon_337041															
http://www.iedb.org/epitope/2151008	"Linear peptide"	YVHEGIRTY			159	167			"Regulatory protein E2"	http://www.ncbi.nlm.nih.gov/protein/P03120.1	"Regulatory protein E2"	http://www.uniprot.org/uniprot/P03120	"Human papillomavirus 16"	http://purl.obolibrary.org/obo/NCBITaxon_333760	"Alphapapillomavirus 9"	http://purl.obolibrary.org/obo/NCBITaxon_337041															
http://www.iedb.org/epitope/2157390	"Linear peptide"	RPRKLPQLC			15	23			"Protein E6"	http://www.ncbi.nlm.nih.gov/protein/P03126.1	"Protein E6"	http://www.uniprot.org/uniprot/P03126	"Human papillomavirus 16"	http://purl.obolibrary.org/obo/NCBITaxon_333760	"Alphapapillomavirus 9"	http://purl.obolibrary.org/obo/NCBITaxon_337041															
http://www.iedb.org/epitope/2222778	"Linear peptide"	GRWTGRCMSCCRSSR			137	151			"Protein E6"	http://www.ncbi.nlm.nih.gov/protein/P03126.1	"Protein E6"	http://www.uniprot.org/uniprot/P03126	"Human papillomavirus 16"	http://purl.obolibrary.org/obo/NCBITaxon_333760	"Alphapapillomavirus 9"	http://purl.obolibrary.org/obo/NCBITaxon_337041															
http://www.iedb.org/epitope/2222890	"Linear peptide"	LQSSLHLTA			73	81			"Probable protein E4"	http://www.ncbi.nlm.nih.gov/protein/P06922.1	"Protein E4"	http://www.uniprot.org/uniprot/P06922	"Human papillomavirus 16"	http://purl.obolibrary.org/obo/NCBITaxon_333760	"Alphapapillomavirus 9"	http://purl.obolibrary.org/obo/NCBITaxon_337041															
http://www.iedb.org/epitope/2222930	"Linear peptide"	NPYAVCDKCLKFYSK			65	79			"Protein E6"	http://www.ncbi.nlm.nih.gov/protein/P03126.1	"Protein E6"	http://www.uniprot.org/uniprot/P03126	"Human papillomavirus 16"	http://purl.obolibrary.org/obo/NCBITaxon_333760	"Alphapapillomavirus 9"	http://purl.obolibrary.org/obo/NCBITaxon_337041															
http://www.iedb.org/epitope/2222974	"Linear peptide"	RKLPQLCTELQTTIH			17	31			"Protein E6"	http://www.ncbi.nlm.nih.gov/protein/P03126.1	"Protein E6"	http://www.uniprot.org/uniprot/P03126	"Human papillomavirus 16"	http://purl.obolibrary.org/obo/NCBITaxon_333760	"Alphapapillomavirus 9"	http://purl.obolibrary.org/obo/NCBITaxon_337041															
http://www.iedb.org/epitope/2222981	"Linear peptide"	RTAMFQDPQERPRKL			5	19			"Protein E6"	http://www.ncbi.nlm.nih.gov/protein/P03126.1	"Protein E6"	http://www.uniprot.org/uniprot/P03126	"Human papillomavirus 16"	http://purl.obolibrary.org/obo/NCBITaxon_333760	"Alphapapillomavirus 9"	http://purl.obolibrary.org/obo/NCBITaxon_337041															
http://www.iedb.org/epitope/2223049	"Linear peptide"	TTLEQQYNKPLCDLL			93	107			"Protein E6"	http://www.ncbi.nlm.nih.gov/protein/P03126.1	"Protein E6"	http://www.uniprot.org/uniprot/P03126	"Human papillomavirus 16"	http://purl.obolibrary.org/obo/NCBITaxon_333760	"Alphapapillomavirus 9"	http://purl.obolibrary.org/obo/NCBITaxon_337041															
http://www.iedb.org/epitope/2223053	"Linear peptide"	VCDKCLKFYSKISEY			69	83			"Protein E6"	http://www.ncbi.nlm.nih.gov/protein/P03126.1	"Protein E6"	http://www.uniprot.org/uniprot/P03126	"Human papillomavirus 16"	http://purl.obolibrary.org/obo/NCBITaxon_333760	"Alphapapillomavirus 9"	http://purl.obolibrary.org/obo/NCBITaxon_337041															
http://www.iedb.org/epitope/2223126	"Linear peptide"	YSKISEYRHYCYSLY			77	91			"Protein E6"	http://www.ncbi.nlm.nih.gov/protein/P03126.1	"Protein E6"	http://www.uniprot.org/uniprot/P03126	"Human papillomavirus 16"	http://purl.obolibrary.org/obo/NCBITaxon_333760	"Alphapapillomavirus 9"	http://purl.obolibrary.org/obo/NCBITaxon_337041															
http://www.iedb.org/epitope/2223933	"Linear peptide"	WPYLHNRLV			576	584			"Replication protein E1"	http://www.ncbi.nlm.nih.gov/protein/P03114.2	"Replication protein E1"	http://www.uniprot.org/uniprot/P03114	"Human papillomavirus 16"	http://purl.obolibrary.org/obo/NCBITaxon_333760	"Alphapapillomavirus 9"	http://purl.obolibrary.org/obo/NCBITaxon_337041															
http://www.iedb.org/epitope/2223955	"Linear peptide"	YSKNKVWEV			178	186			"Regulatory protein E2"	http://www.ncbi.nlm.nih.gov/protein/P03120.1	"Regulatory protein E2"	http://www.uniprot.org/uniprot/P03120	"Human papillomavirus 16"	http://purl.obolibrary.org/obo/NCBITaxon_333760	"Alphapapillomavirus 9"	http://purl.obolibrary.org/obo/NCBITaxon_337041															
http://www.iedb.org/epitope/2265674	"Linear peptide"	DVMTYIHSM			412	420			"Major capsid protein L1"	http://www.ncbi.nlm.nih.gov/protein/P03101.2	"Major capsid protein L1"	http://www.uniprot.org/uniprot/P03101	"Human papillomavirus 16"	http://purl.obolibrary.org/obo/NCBITaxon_333760	"Alphapapillomavirus 9"	http://purl.obolibrary.org/obo/NCBITaxon_337041															
http://www.iedb.org/epitope/2265683	"Linear peptide"	YVARTNIYY			53	61			"Major capsid protein L1"	http://www.ncbi.nlm.nih.gov/protein/P03101.2	"Major capsid protein L1"	http://www.uniprot.org/uniprot/P03101	"Human papillomavirus 16"	http://purl.obolibrary.org/obo/NCBITaxon_333760	"Alphapapillomavirus 9"	http://purl.obolibrary.org/obo/NCBITaxon_337041															
